,Encoded_SKU_ID,SALES_DATE,predicted
511,482,2022-08-01,5.26771268
512,482,2022-08-02,4.981521081
513,482,2022-08-03,4.476763576
514,482,2022-08-04,4.905987004
515,482,2022-08-05,5.636262945
516,482,2022-08-06,11.20227896
517,482,2022-08-07,8.757685793
182,315,2022-08-01,4.404055942
183,315,2022-08-02,4.164599312
184,315,2022-08-03,4.365886006
185,315,2022-08-04,5.194261434
186,315,2022-08-05,6.526173764
187,315,2022-08-06,7.863806201
188,315,2022-08-07,6.79440763
427,183,2022-08-01,10.0
428,183,2022-08-02,2.0
429,183,2022-08-03,5.0
430,183,2022-08-04,1.45
431,183,2022-08-05,10.0
432,183,2022-08-06,3.0
433,183,2022-08-07,5.0
378,319,2022-08-01,5.0
379,319,2022-08-02,5.0
380,319,2022-08-03,5.0
381,319,2022-08-04,5.0
382,319,2022-08-05,5.0
383,319,2022-08-06,5.0
384,319,2022-08-07,5.0
56,312,2022-08-01,0.0
57,312,2022-08-02,2.0
58,312,2022-08-03,1.0
59,312,2022-08-04,3.0
60,312,2022-08-05,3.0
61,312,2022-08-06,3.0
62,312,2022-08-07,3.0
1550,208,2022-08-01,7.0
1552,208,2022-08-02,5.0
1554,208,2022-08-03,3.55
1556,208,2022-08-04,7.0
1558,208,2022-08-05,6.0
1560,208,2022-08-06,6.45
1562,208,2022-08-07,6.0
1655,22,2022-08-01,3.0
1656,22,2022-08-02,2.0
1657,22,2022-08-03,4.45
1658,22,2022-08-04,0.0
1659,22,2022-08-05,1.0
1660,22,2022-08-06,2.45
1661,22,2022-08-07,5.0
1143,82,2022-08-01,-0.45
1145,82,2022-08-02,0.0
1147,82,2022-08-03,1.0
1149,82,2022-08-04,1.0
1151,82,2022-08-05,9.0
1153,82,2022-08-06,2.0
1155,82,2022-08-07,4.0
588,500,2022-08-01,5.505240282
589,500,2022-08-02,2.501270003
590,500,2022-08-03,2.337484091
591,500,2022-08-04,2.309344694
592,500,2022-08-05,3.110383917
593,500,2022-08-06,4.235766667
594,500,2022-08-07,4.499730582
1564,267,2022-08-01,4.355044842
1565,267,2022-08-02,3.463041782
1566,267,2022-08-03,3.31948185
1567,267,2022-08-04,4.660092831
1568,267,2022-08-05,3.46175909
1569,267,2022-08-06,4.451190472
1570,267,2022-08-07,6.116086006
329,304,2022-08-01,4.064636505
330,304,2022-08-02,-0.808956131
331,304,2022-08-03,-0.725291334
332,304,2022-08-04,3.080287243
333,304,2022-08-05,3.310114737
334,304,2022-08-06,3.743833123
335,304,2022-08-07,5.006501033
322,303,2022-08-01,4.0
323,303,2022-08-02,4.0
324,303,2022-08-03,4.0
325,303,2022-08-04,4.0
326,303,2022-08-05,4.0
327,303,2022-08-06,4.0
328,303,2022-08-07,4.0
2075,226,2022-08-01,0.0
2076,226,2022-08-02,3.0
2077,226,2022-08-03,1.0
2078,226,2022-08-04,1.0
2079,226,2022-08-05,1.45
2080,226,2022-08-06,1.55
2081,226,2022-08-07,3.0
1008,503,2022-08-01,0.0
1009,503,2022-08-02,1.55
1010,503,2022-08-03,1.0
1011,503,2022-08-04,0.45
1012,503,2022-08-05,1.55
1013,503,2022-08-06,0.0
1014,503,2022-08-07,0.45
2235,444,2022-08-01,1.0
2236,444,2022-08-02,1.0
2237,444,2022-08-03,1.0
2238,444,2022-08-04,1.0
2239,444,2022-08-05,1.0
2240,444,2022-08-06,1.0
2241,444,2022-08-07,1.0
1697,400,2022-08-01,6.0
1698,400,2022-08-02,2.0
1699,400,2022-08-03,5.0
1700,400,2022-08-04,6.0
1701,400,2022-08-05,4.55
1702,400,2022-08-06,7.55
1703,400,2022-08-07,2.0
756,547,2022-08-01,4.903969648
757,547,2022-08-02,-0.692965664
758,547,2022-08-03,3.964622171
759,547,2022-08-04,4.41627196
760,547,2022-08-05,1.317172825
761,547,2022-08-06,4.531851001
762,547,2022-08-07,1.512993705
2082,219,2022-08-01,2.45
2084,219,2022-08-02,2.55
2086,219,2022-08-03,2.0
2088,219,2022-08-04,7.0
2090,219,2022-08-05,3.0
2092,219,2022-08-06,3.0
2094,219,2022-08-07,2.55
2214,532,2022-08-01,1.0
2215,532,2022-08-02,1.0
2216,532,2022-08-03,1.0
2217,532,2022-08-04,1.0
2218,532,2022-08-05,1.0
2219,532,2022-08-06,1.0
2220,532,2022-08-07,1.0
483,476,2022-08-01,4.18953568
484,476,2022-08-02,5.345250534
485,476,2022-08-03,-1.665469211
486,476,2022-08-04,-1.252030658
487,476,2022-08-05,5.078394739
488,476,2022-08-06,5.937644713
489,476,2022-08-07,2.709420737
2019,411,2022-08-01,7.0
2020,411,2022-08-02,4.0
2021,411,2022-08-03,4.0
2022,411,2022-08-04,4.0
2023,411,2022-08-05,4.0
2024,411,2022-08-06,5.0
2025,411,2022-08-07,3.55
1690,200,2022-08-01,2.0
1691,200,2022-08-02,2.0
1692,200,2022-08-03,2.0
1693,200,2022-08-04,2.0
1694,200,2022-08-05,2.0
1695,200,2022-08-06,2.0
1696,200,2022-08-07,2.0
2061,398,2022-08-01,4.0
2062,398,2022-08-02,1.0
2063,398,2022-08-03,2.0
2064,398,2022-08-04,1.0
2065,398,2022-08-05,1.0
2066,398,2022-08-06,3.0
2067,398,2022-08-07,3.55
973,282,2022-08-01,3.0
975,282,2022-08-02,2.0
977,282,2022-08-03,2.0
979,282,2022-08-04,5.45
981,282,2022-08-05,3.0
983,282,2022-08-06,2.0
985,282,2022-08-07,1.0
1477,20,2022-08-01,2.0
1478,20,2022-08-02,7.0
1479,20,2022-08-03,5.0
1480,20,2022-08-04,5.0
1481,20,2022-08-05,5.55
1482,20,2022-08-06,8.0
1483,20,2022-08-07,9.55
1372,85,2022-08-01,3.55
1374,85,2022-08-02,3.0
1376,85,2022-08-03,4.55
1378,85,2022-08-04,2.45
1380,85,2022-08-05,2.0
1382,85,2022-08-06,4.0
1384,85,2022-08-07,4.55
1732,414,2022-08-01,4.0
1733,414,2022-08-02,4.0
1734,414,2022-08-03,4.0
1735,414,2022-08-04,4.0
1736,414,2022-08-05,4.0
1737,414,2022-08-06,4.0
1738,414,2022-08-07,4.0
504,481,2022-08-01,1.0
505,481,2022-08-02,4.0
506,481,2022-08-03,8.0
507,481,2022-08-04,3.0
508,481,2022-08-05,2.0
509,481,2022-08-06,3.0
510,481,2022-08-07,1.0
2173,98,2022-08-01,2.0
2174,98,2022-08-02,0.0
2175,98,2022-08-03,1.0
2176,98,2022-08-04,1.0
2177,98,2022-08-05,4.0
2178,98,2022-08-06,2.55
2179,98,2022-08-07,1.0
966,425,2022-08-01,3.0
967,425,2022-08-02,3.0
968,425,2022-08-03,3.0
969,425,2022-08-04,3.0
970,425,2022-08-05,3.0
971,425,2022-08-06,3.0
972,425,2022-08-07,3.0
924,86,2022-08-01,2.252543449
926,86,2022-08-02,3.052610397
928,86,2022-08-03,4.178873062
930,86,2022-08-04,5.420247078
932,86,2022-08-05,2.508368492
934,86,2022-08-06,4.982682705
936,86,2022-08-07,2.283133268
798,556,2022-08-01,1.0
799,556,2022-08-02,4.0
800,556,2022-08-03,2.0
801,556,2022-08-04,2.45
802,556,2022-08-05,1.0
803,556,2022-08-06,2.0
804,556,2022-08-07,2.0
1283,233,2022-08-01,1.664802879
1285,233,2022-08-02,1.841628146
1287,233,2022-08-03,1.983499293
1289,233,2022-08-04,3.896424002
1291,233,2022-08-05,4.425060426
1293,233,2022-08-06,2.099073885
1295,233,2022-08-07,1.615654447
2026,384,2022-08-01,2.0
2027,384,2022-08-02,2.0
2028,384,2022-08-03,2.0
2029,384,2022-08-04,2.0
2030,384,2022-08-05,2.0
2031,384,2022-08-06,2.0
2032,384,2022-08-07,2.0
686,531,2022-08-01,4.0
687,531,2022-08-02,3.0
688,531,2022-08-03,2.0
689,531,2022-08-04,1.0
690,531,2022-08-05,1.0
691,531,2022-08-06,0.0
692,531,2022-08-07,2.0
1213,26,2022-08-01,1.0
1214,26,2022-08-02,1.0
1215,26,2022-08-03,1.0
1216,26,2022-08-04,1.0
1217,26,2022-08-05,1.0
1218,26,2022-08-06,1.0
1219,26,2022-08-07,1.0
98,424,2022-08-01,2.0
99,424,2022-08-02,3.0
100,424,2022-08-03,2.0
101,424,2022-08-04,2.45
102,424,2022-08-05,2.0
103,424,2022-08-06,3.0
104,424,2022-08-07,8.0
1970,154,2022-08-01,3.0
1971,154,2022-08-02,2.0
1972,154,2022-08-03,1.0
1973,154,2022-08-04,1.0
1974,154,2022-08-05,0.0
1975,154,2022-08-06,3.0
1976,154,2022-08-07,1.0
749,545,2022-08-01,5.704948092
750,545,2022-08-02,6.862318364
751,545,2022-08-03,4.806608614
752,545,2022-08-04,2.733241094
753,545,2022-08-05,-0.578016135
754,545,2022-08-06,2.707403522
755,545,2022-08-07,0.892349183
1358,56,2022-08-01,0.45
1359,56,2022-08-02,1.0
1360,56,2022-08-03,1.0
1361,56,2022-08-04,0.0
1362,56,2022-08-05,1.0
1363,56,2022-08-06,2.55
1364,56,2022-08-07,3.45
1627,268,2022-08-01,5.0
1629,268,2022-08-02,2.55
1631,268,2022-08-03,2.55
1633,268,2022-08-04,2.0
1635,268,2022-08-05,1.45
1637,268,2022-08-06,2.0
1639,268,2022-08-07,6.0
1613,122,2022-08-01,0.0
1614,122,2022-08-02,0.0
1615,122,2022-08-03,2.45
1616,122,2022-08-04,1.0
1617,122,2022-08-05,2.0
1618,122,2022-08-06,2.0
1619,122,2022-08-07,3.45
721,538,2022-08-01,4.016435926
722,538,2022-08-02,4.095693757
723,538,2022-08-03,4.751812457
724,538,2022-08-04,4.487112402
725,538,2022-08-05,5.666833343
726,538,2022-08-06,6.897267055
727,538,2022-08-07,6.800736268
49,198,2022-08-01,2.0
50,198,2022-08-02,2.45
51,198,2022-08-03,2.0
52,198,2022-08-04,3.0
53,198,2022-08-05,2.0
54,198,2022-08-06,1.45
55,198,2022-08-07,4.0
1463,409,2022-08-01,1.0
1464,409,2022-08-02,1.0
1465,409,2022-08-03,1.0
1466,409,2022-08-04,1.0
1467,409,2022-08-05,1.0
1468,409,2022-08-06,1.0
1469,409,2022-08-07,1.0
1498,14,2022-08-01,1.0
1499,14,2022-08-02,1.0
1500,14,2022-08-03,1.0
1501,14,2022-08-04,1.0
1502,14,2022-08-05,1.0
1503,14,2022-08-06,1.0
1504,14,2022-08-07,1.0
245,169,2022-08-01,2.175212638
246,169,2022-08-02,2.4802451
247,169,2022-08-03,3.007183229
248,169,2022-08-04,7.385319236
249,169,2022-08-05,10.38144928
250,169,2022-08-06,2.245074605
251,169,2022-08-07,9.408826186
539,487,2022-08-01,2.0
540,487,2022-08-02,4.0
541,487,2022-08-03,1.55
542,487,2022-08-04,3.45
543,487,2022-08-05,2.0
544,487,2022-08-06,2.0
545,487,2022-08-07,2.0
1491,46,2022-08-01,2.0
1492,46,2022-08-02,2.0
1493,46,2022-08-03,2.0
1494,46,2022-08-04,2.0
1495,46,2022-08-05,2.0
1496,46,2022-08-06,2.0
1497,46,2022-08-07,2.0
1071,193,2022-08-01,1.0
1072,193,2022-08-02,1.0
1073,193,2022-08-03,1.0
1074,193,2022-08-04,1.0
1075,193,2022-08-05,1.0
1076,193,2022-08-06,1.0
1077,193,2022-08-07,1.0
1704,415,2022-08-01,3.906451399
1705,415,2022-08-02,2.368100318
1706,415,2022-08-03,2.828041729
1707,415,2022-08-04,2.571712153
1708,415,2022-08-05,1.565339281
1709,415,2022-08-06,5.365613617
1710,415,2022-08-07,2.445247262
672,526,2022-08-01,2.0
673,526,2022-08-02,2.0
674,526,2022-08-03,2.0
675,526,2022-08-04,2.0
676,526,2022-08-05,2.0
677,526,2022-08-06,2.0
678,526,2022-08-07,2.0
518,484,2022-08-01,1.0
519,484,2022-08-02,1.0
520,484,2022-08-03,1.0
521,484,2022-08-04,1.0
522,484,2022-08-05,1.0
523,484,2022-08-06,1.0
524,484,2022-08-07,1.0
770,549,2022-08-01,1.55
771,549,2022-08-02,1.0
772,549,2022-08-03,1.0
773,549,2022-08-04,1.0
774,549,2022-08-05,6.0
775,549,2022-08-06,4.0
776,549,2022-08-07,0.0
399,222,2022-08-01,2.0
401,222,2022-08-02,2.0
403,222,2022-08-03,2.0
405,222,2022-08-04,2.0
407,222,2022-08-05,2.0
409,222,2022-08-06,2.0
411,222,2022-08-07,2.0
2005,31,2022-08-01,1.0
2006,31,2022-08-02,1.0
2007,31,2022-08-03,1.0
2008,31,2022-08-04,1.0
2009,31,2022-08-05,1.0
2010,31,2022-08-06,1.0
2011,31,2022-08-07,1.0
280,291,2022-08-01,0.0
281,291,2022-08-02,1.0
282,291,2022-08-03,1.0
283,291,2022-08-04,1.0
284,291,2022-08-05,0.45
285,291,2022-08-06,1.55
286,291,2022-08-07,1.0
1022,256,2022-08-01,2.0
1023,256,2022-08-02,2.0
1024,256,2022-08-03,2.45
1025,256,2022-08-04,1.0
1026,256,2022-08-05,0.45
1027,256,2022-08-06,2.0
1028,256,2022-08-07,1.0
854,570,2022-08-01,2.0
855,570,2022-08-02,2.0
856,570,2022-08-03,2.0
857,570,2022-08-04,2.0
858,570,2022-08-05,2.0
859,570,2022-08-06,2.0
860,570,2022-08-07,2.0
2298,59,2022-08-01,1.325393915
2299,59,2022-08-02,3.296086311
2300,59,2022-08-03,2.861526966
2301,59,2022-08-04,2.917277098
2302,59,2022-08-05,4.242351055
2303,59,2022-08-06,1.618405819
2304,59,2022-08-07,4.567242622
1774,530,2022-08-01,1.0
1775,530,2022-08-02,1.0
1776,530,2022-08-03,1.0
1777,530,2022-08-04,1.0
1778,530,2022-08-05,1.0
1779,530,2022-08-06,1.0
1780,530,2022-08-07,1.0
1115,232,2022-08-01,3.921452806
1117,232,2022-08-02,3.146001758
1119,232,2022-08-03,3.48542131
1121,232,2022-08-04,4.242727671
1123,232,2022-08-05,5.127195024
1125,232,2022-08-06,6.17276493
1127,232,2022-08-07,4.182271871
1816,206,2022-08-01,4.0
1818,206,2022-08-02,3.45
1820,206,2022-08-03,2.55
1822,206,2022-08-04,3.45
1824,206,2022-08-05,3.0
1826,206,2022-08-06,2.55
1828,206,2022-08-07,3.0
2054,106,2022-08-01,0.0
2055,106,2022-08-02,2.0
2056,106,2022-08-03,0.0
2057,106,2022-08-04,3.0
2058,106,2022-08-05,1.0
2059,106,2022-08-06,2.0
2060,106,2022-08-07,0.45
1536,54,2022-08-01,4.0
1537,54,2022-08-02,2.0
1538,54,2022-08-03,4.0
1539,54,2022-08-04,3.0
1540,54,2022-08-05,2.45
1541,54,2022-08-06,3.55
1542,54,2022-08-07,4.0
987,48,2022-08-01,3.0
988,48,2022-08-02,1.0
989,48,2022-08-03,3.0
990,48,2022-08-04,2.0
991,48,2022-08-05,2.0
992,48,2022-08-06,3.0
993,48,2022-08-07,3.0
1297,16,2022-08-01,1.45
1298,16,2022-08-02,2.0
1299,16,2022-08-03,1.0
1300,16,2022-08-04,4.55
1301,16,2022-08-05,2.0
1302,16,2022-08-06,3.0
1303,16,2022-08-07,1.0
1206,448,2022-08-01,1.0
1207,448,2022-08-02,1.0
1208,448,2022-08-03,1.0
1209,448,2022-08-04,1.0
1210,448,2022-08-05,3.0
1211,448,2022-08-06,1.0
1212,448,2022-08-07,1.0
2103,5,2022-08-01,2.0
2104,5,2022-08-02,2.0
2105,5,2022-08-03,2.0
2106,5,2022-08-04,2.0
2107,5,2022-08-05,2.0
2108,5,2022-08-06,2.0
2109,5,2022-08-07,2.0
119,224,2022-08-01,0.0
121,224,2022-08-02,0.0
123,224,2022-08-03,0.0
125,224,2022-08-04,2.0
127,224,2022-08-05,0.0
129,224,2022-08-06,2.0
131,224,2022-08-07,2.0
2117,537,2022-08-01,0.45
2118,537,2022-08-02,2.0
2119,537,2022-08-03,2.0
2120,537,2022-08-04,0.0
2121,537,2022-08-05,1.55
2122,537,2022-08-06,1.0
2123,537,2022-08-07,0.0
1227,428,2022-08-01,2.0
1228,428,2022-08-02,2.0
1229,428,2022-08-03,1.45
1230,428,2022-08-04,1.0
1231,428,2022-08-05,1.0
1232,428,2022-08-06,5.0
1233,428,2022-08-07,0.0
1241,66,2022-08-01,1.0
1242,66,2022-08-02,1.0
1243,66,2022-08-03,1.0
1244,66,2022-08-04,1.0
1245,66,2022-08-05,1.0
1246,66,2022-08-06,1.0
1247,66,2022-08-07,1.0
1648,343,2022-08-01,2.0
1649,343,2022-08-02,2.0
1650,343,2022-08-03,2.0
1651,343,2022-08-04,2.0
1652,343,2022-08-05,2.0
1653,343,2022-08-06,2.0
1654,343,2022-08-07,2.0
1956,281,2022-08-01,2.55
1958,281,2022-08-02,2.55
1960,281,2022-08-03,2.55
1962,281,2022-08-04,2.55
1964,281,2022-08-05,1.0
1966,281,2022-08-06,0.0
1968,281,2022-08-07,1.0
1886,406,2022-08-01,0.55
1887,406,2022-08-02,1.0
1888,406,2022-08-03,2.0
1889,406,2022-08-04,0.0
1890,406,2022-08-05,1.0
1891,406,2022-08-06,1.0
1892,406,2022-08-07,1.0
945,174,2022-08-01,0.0
946,174,2022-08-02,0.0
947,174,2022-08-03,1.0
948,174,2022-08-04,0.0
949,174,2022-08-05,1.0
950,174,2022-08-06,0.0
951,174,2022-08-07,1.0
1739,401,2022-08-01,2.0
1740,401,2022-08-02,2.0
1741,401,2022-08-03,2.0
1742,401,2022-08-04,2.0
1743,401,2022-08-05,2.0
1744,401,2022-08-06,2.0
1745,401,2022-08-07,2.0
1893,413,2022-08-01,3.603302847
1894,413,2022-08-02,3.039834883
1895,413,2022-08-03,3.95985348
1896,413,2022-08-04,5.14144045
1897,413,2022-08-05,4.304999399
1898,413,2022-08-06,3.448649551
1899,413,2022-08-07,2.580018905
1029,173,2022-08-01,1.0
1030,173,2022-08-02,1.0
1031,173,2022-08-03,0.45
1032,173,2022-08-04,0.55
1033,173,2022-08-05,1.0
1034,173,2022-08-06,1.55
1035,173,2022-08-07,1.0
1858,543,2022-08-01,0.0
1859,543,2022-08-02,0.0
1860,543,2022-08-03,1.0
1861,543,2022-08-04,2.0
1862,543,2022-08-05,4.0
1863,543,2022-08-06,1.0
1864,543,2022-08-07,1.0
2110,432,2022-08-01,4.0
2111,432,2022-08-02,2.0
2112,432,2022-08-03,1.0
2113,432,2022-08-04,1.0
2114,432,2022-08-05,0.55
2115,432,2022-08-06,1.0
2116,432,2022-08-07,0.0
1276,259,2022-08-01,2.0
1277,259,2022-08-02,2.0
1278,259,2022-08-03,2.0
1279,259,2022-08-04,2.0
1280,259,2022-08-05,2.0
1281,259,2022-08-06,2.0
1282,259,2022-08-07,2.0
2270,202,2022-08-01,1.0
2272,202,2022-08-02,0.55
2274,202,2022-08-03,1.0
2276,202,2022-08-04,1.0
2278,202,2022-08-05,2.0
2280,202,2022-08-06,1.0
2282,202,2022-08-07,1.0
819,559,2022-08-01,3.0
820,559,2022-08-02,2.0
821,559,2022-08-03,1.0
822,559,2022-08-04,6.55
823,559,2022-08-05,2.0
824,559,2022-08-06,4.0
825,559,2022-08-07,1.0
1802,213,2022-08-01,1.0
1804,213,2022-08-02,1.0
1806,213,2022-08-03,1.0
1808,213,2022-08-04,1.0
1810,213,2022-08-05,1.0
1812,213,2022-08-06,1.0
1814,213,2022-08-07,1.0
1991,136,2022-08-01,1.0
1992,136,2022-08-02,2.0
1993,136,2022-08-03,0.0
1994,136,2022-08-04,0.0
1995,136,2022-08-05,0.0
1996,136,2022-08-06,0.55
1997,136,2022-08-07,0.45
2040,89,2022-08-01,2.0
2041,89,2022-08-02,0.0
2042,89,2022-08-03,1.0
2043,89,2022-08-04,1.0
2044,89,2022-08-05,1.0
2045,89,2022-08-06,1.0
2046,89,2022-08-07,0.0
1386,377,2022-08-01,2.0
1387,377,2022-08-02,2.0
1388,377,2022-08-03,2.0
1389,377,2022-08-04,2.0
1390,377,2022-08-05,2.0
1391,377,2022-08-06,2.0
1392,377,2022-08-07,2.0
2096,450,2022-08-01,1.0
2097,450,2022-08-02,0.0
2098,450,2022-08-03,1.0
2099,450,2022-08-04,0.0
2100,450,2022-08-05,0.0
2101,450,2022-08-06,0.0
2102,450,2022-08-07,0.0
413,94,2022-08-01,3.0
415,94,2022-08-02,2.0
417,94,2022-08-03,0.45
419,94,2022-08-04,0.45
421,94,2022-08-05,2.0
423,94,2022-08-06,2.55
425,94,2022-08-07,0.0
1718,55,2022-08-01,1.581043243
1719,55,2022-08-02,0.636593819
1720,55,2022-08-03,0.412961721
1721,55,2022-08-04,0.946818113
1722,55,2022-08-05,4.254742622
1723,55,2022-08-06,3.04890275
1724,55,2022-08-07,0.481215715
1092,327,2022-08-01,2.0
1093,327,2022-08-02,1.55
1094,327,2022-08-03,1.0
1095,327,2022-08-04,0.0
1096,327,2022-08-05,1.0
1097,327,2022-08-06,4.0
1098,327,2022-08-07,2.0
812,558,2022-08-01,2.0
813,558,2022-08-02,2.0
814,558,2022-08-03,2.0
815,558,2022-08-04,0.0
816,558,2022-08-05,1.55
817,558,2022-08-06,2.0
818,558,2022-08-07,2.0
1136,459,2022-08-01,0.0
1137,459,2022-08-02,2.0
1138,459,2022-08-03,2.0
1139,459,2022-08-04,1.55
1140,459,2022-08-05,0.55
1141,459,2022-08-06,0.0
1142,459,2022-08-07,4.0
175,300,2022-08-01,2.0
176,300,2022-08-02,1.0
177,300,2022-08-03,3.45
178,300,2022-08-04,1.0
179,300,2022-08-05,2.0
180,300,2022-08-06,1.0
181,300,2022-08-07,1.0
1676,25,2022-08-01,2.0
1677,25,2022-08-02,2.0
1678,25,2022-08-03,2.0
1679,25,2022-08-04,2.0
1680,25,2022-08-05,2.0
1681,25,2022-08-06,2.0
1682,25,2022-08-07,2.0
315,301,2022-08-01,2.0
316,301,2022-08-02,1.0
317,301,2022-08-03,1.0
318,301,2022-08-04,1.55
319,301,2022-08-05,3.0
320,301,2022-08-06,0.0
321,301,2022-08-07,5.0
1015,261,2022-08-01,1.0
1016,261,2022-08-02,1.0
1017,261,2022-08-03,1.0
1018,261,2022-08-04,1.45
1019,261,2022-08-05,1.0
1020,261,2022-08-06,3.0
1021,261,2022-08-07,1.0
294,294,2022-08-01,0.0
295,294,2022-08-02,0.0
296,294,2022-08-03,0.0
297,294,2022-08-04,0.0
298,294,2022-08-05,0.0
299,294,2022-08-06,0.0
300,294,2022-08-07,0.0
938,79,2022-08-01,3.0
939,79,2022-08-02,2.0
940,79,2022-08-03,2.0
941,79,2022-08-04,2.0
942,79,2022-08-05,2.0
943,79,2022-08-06,2.0
944,79,2022-08-07,2.0
1746,127,2022-08-01,0.0
1747,127,2022-08-02,2.0
1748,127,2022-08-03,1.0
1749,127,2022-08-04,1.0
1750,127,2022-08-05,0.0
1751,127,2022-08-06,0.0
1752,127,2022-08-07,0.0
1998,64,2022-08-01,1.0
1999,64,2022-08-02,2.0
2000,64,2022-08-03,0.55
2001,64,2022-08-04,1.0
2002,64,2022-08-05,0.0
2003,64,2022-08-06,2.0
2004,64,2022-08-07,1.0
637,516,2022-08-01,0.0
638,516,2022-08-02,0.0
639,516,2022-08-03,0.0
640,516,2022-08-04,0.0
641,516,2022-08-05,0.0
642,516,2022-08-06,1.0
643,516,2022-08-07,2.0
994,191,2022-08-01,1.0
995,191,2022-08-02,0.0
996,191,2022-08-03,0.45
997,191,2022-08-04,1.0
998,191,2022-08-05,1.0
999,191,2022-08-06,0.0
1000,191,2022-08-07,2.0
1248,34,2022-08-01,5.0
1249,34,2022-08-02,3.0
1250,34,2022-08-03,3.0
1251,34,2022-08-04,5.55
1252,34,2022-08-05,3.0
1253,34,2022-08-06,6.0
1254,34,2022-08-07,5.55
350,311,2022-08-01,0.0
351,311,2022-08-02,2.0
352,311,2022-08-03,2.55
353,311,2022-08-04,2.0
354,311,2022-08-05,2.0
355,311,2022-08-06,1.0
356,311,2022-08-07,2.0
665,525,2022-08-01,1.55
666,525,2022-08-02,1.0
667,525,2022-08-03,2.0
668,525,2022-08-04,1.0
669,525,2022-08-05,0.55
670,525,2022-08-06,1.0
671,525,2022-08-07,3.0
392,119,2022-08-01,0.0
393,119,2022-08-02,0.55
394,119,2022-08-03,1.0
395,119,2022-08-04,1.0
396,119,2022-08-05,0.45
397,119,2022-08-06,0.45
398,119,2022-08-07,0.55
2312,349,2022-08-01,2.0
2313,349,2022-08-02,2.0
2314,349,2022-08-03,2.0
2315,349,2022-08-04,2.0
2316,349,2022-08-05,2.0
2317,349,2022-08-06,2.0
2318,349,2022-08-07,2.0
2047,131,2022-08-01,2.0
2048,131,2022-08-02,2.0
2049,131,2022-08-03,2.0
2050,131,2022-08-04,2.0
2051,131,2022-08-05,4.0
2052,131,2022-08-06,5.0
2053,131,2022-08-07,4.0
1078,186,2022-08-01,2.0
1079,186,2022-08-02,2.0
1080,186,2022-08-03,3.0
1081,186,2022-08-04,3.0
1082,186,2022-08-05,2.0
1083,186,2022-08-06,2.0
1084,186,2022-08-07,2.0
336,306,2022-08-01,1.0
337,306,2022-08-02,1.0
338,306,2022-08-03,1.0
339,306,2022-08-04,1.0
340,306,2022-08-05,1.0
341,306,2022-08-06,1.0
342,306,2022-08-07,1.0
861,571,2022-08-01,0.0
862,571,2022-08-02,2.45
863,571,2022-08-03,0.0
864,571,2022-08-04,2.55
865,571,2022-08-05,0.0
866,571,2022-08-06,0.0
867,571,2022-08-07,0.0
2068,2,2022-08-01,3.0
2069,2,2022-08-02,4.0
2070,2,2022-08-03,1.55
2071,2,2022-08-04,3.0
2072,2,2022-08-05,3.0
2073,2,2022-08-06,2.45
2074,2,2022-08-07,3.0
2228,3,2022-08-01,0.0
2229,3,2022-08-02,0.0
2230,3,2022-08-03,0.0
2231,3,2022-08-04,0.0
2232,3,2022-08-05,0.0
2233,3,2022-08-06,0.0
2234,3,2022-08-07,0.0
1662,260,2022-08-01,2.0
1663,260,2022-08-02,2.0
1664,260,2022-08-03,2.0
1665,260,2022-08-04,2.0
1666,260,2022-08-05,2.0
1667,260,2022-08-06,2.0
1668,260,2022-08-07,2.0
1984,63,2022-08-01,1.0
1985,63,2022-08-02,1.0
1986,63,2022-08-03,1.0
1987,63,2022-08-04,1.0
1988,63,2022-08-05,1.0
1989,63,2022-08-06,1.0
1990,63,2022-08-07,1.0
1192,21,2022-08-01,2.0
1193,21,2022-08-02,2.0
1194,21,2022-08-03,1.0
1195,21,2022-08-04,2.0
1196,21,2022-08-05,0.0
1197,21,2022-08-06,2.0
1198,21,2022-08-07,1.45
609,512,2022-08-01,0.0
610,512,2022-08-02,1.0
611,512,2022-08-03,1.0
612,512,2022-08-04,0.0
613,512,2022-08-05,2.0
614,512,2022-08-06,0.55
615,512,2022-08-07,0.0
1781,90,2022-08-01,1.0
1783,90,2022-08-02,0.0
1785,90,2022-08-03,0.0
1787,90,2022-08-04,0.0
1789,90,2022-08-05,0.0
1791,90,2022-08-06,0.0
1793,90,2022-08-07,0.0
238,331,2022-08-01,0.0
239,331,2022-08-02,0.45
240,331,2022-08-03,0.45
241,331,2022-08-04,0.45
242,331,2022-08-05,0.45
243,331,2022-08-06,0.0
244,331,2022-08-07,2.0
1470,75,2022-08-01,0.0
1471,75,2022-08-02,0.0
1472,75,2022-08-03,0.0
1473,75,2022-08-04,0.0
1474,75,2022-08-05,0.0
1475,75,2022-08-06,0.0
1476,75,2022-08-07,0.0
1036,442,2022-08-01,0.45
1037,442,2022-08-02,3.0
1038,442,2022-08-03,2.0
1039,442,2022-08-04,2.0
1040,442,2022-08-05,3.0
1041,442,2022-08-06,3.0
1042,442,2022-08-07,2.0
1456,33,2022-08-01,1.0
1457,33,2022-08-02,0.0
1458,33,2022-08-03,1.0
1459,33,2022-08-04,1.0
1460,33,2022-08-05,1.0
1461,33,2022-08-06,1.55
1462,33,2022-08-07,1.0
1830,446,2022-08-01,0.0
1831,446,2022-08-02,1.0
1832,446,2022-08-03,0.45
1833,446,2022-08-04,0.0
1834,446,2022-08-05,0.0
1835,446,2022-08-06,1.0
1836,446,2022-08-07,0.45
196,168,2022-08-01,4.0
197,168,2022-08-02,3.0
198,168,2022-08-03,3.0
199,168,2022-08-04,3.0
200,168,2022-08-05,0.0
201,168,2022-08-06,3.0
202,168,2022-08-07,0.0
882,150,2022-08-01,0.45
883,150,2022-08-02,1.0
884,150,2022-08-03,2.0
885,150,2022-08-04,1.0
886,150,2022-08-05,0.0
887,150,2022-08-06,1.0
888,150,2022-08-07,1.0
1529,118,2022-08-01,1.0
1530,118,2022-08-02,1.0
1531,118,2022-08-03,0.0
1532,118,2022-08-04,0.0
1533,118,2022-08-05,0.0
1534,118,2022-08-06,1.0
1535,118,2022-08-07,1.0
1407,322,2022-08-01,1.0
1408,322,2022-08-02,2.0
1409,322,2022-08-03,1.0
1410,322,2022-08-04,2.0
1411,322,2022-08-05,1.0
1412,322,2022-08-06,2.0
1413,322,2022-08-07,1.0
161,434,2022-08-01,0.0
162,434,2022-08-02,2.55
163,434,2022-08-03,1.0
164,434,2022-08-04,1.0
165,434,2022-08-05,1.0
166,434,2022-08-06,1.0
167,434,2022-08-07,1.45
77,78,2022-08-01,1.55
78,78,2022-08-02,1.0
79,78,2022-08-03,0.45
80,78,2022-08-04,0.45
81,78,2022-08-05,2.0
82,78,2022-08-06,1.0
83,78,2022-08-07,0.45
616,513,2022-08-01,1.0
617,513,2022-08-02,1.0
618,513,2022-08-03,1.0
619,513,2022-08-04,0.0
620,513,2022-08-05,0.45
621,513,2022-08-06,0.55
622,513,2022-08-07,0.0
84,506,2022-08-01,1.0
85,506,2022-08-02,3.0
86,506,2022-08-03,1.0
87,506,2022-08-04,0.0
88,506,2022-08-05,0.55
89,506,2022-08-06,0.0
90,506,2022-08-07,0.0
2166,58,2022-08-01,0.0
2167,58,2022-08-02,1.0
2168,58,2022-08-03,1.0
2169,58,2022-08-04,1.0
2170,58,2022-08-05,1.0
2171,58,2022-08-06,1.0
2172,58,2022-08-07,1.0
833,563,2022-08-01,1.0
834,563,2022-08-02,0.0
835,563,2022-08-03,0.0
836,563,2022-08-04,0.45
837,563,2022-08-05,1.0
838,563,2022-08-06,1.0
839,563,2022-08-07,0.45
140,334,2022-08-01,3.0
141,334,2022-08-02,0.0
142,334,2022-08-03,1.0
143,334,2022-08-04,1.0
144,334,2022-08-05,0.0
145,334,2022-08-06,1.0
146,334,2022-08-07,1.0
371,318,2022-08-01,0.0
372,318,2022-08-02,0.0
373,318,2022-08-03,0.55
374,318,2022-08-04,0.0
375,318,2022-08-05,0.0
376,318,2022-08-06,0.0
377,318,2022-08-07,0.0
2333,410,2022-08-01,1.0
2334,410,2022-08-02,1.0
2335,410,2022-08-03,1.0
2336,410,2022-08-04,1.0
2337,410,2022-08-05,1.0
2338,410,2022-08-06,1.0
2339,410,2022-08-07,1.0
2187,205,2022-08-01,0.0
2189,205,2022-08-02,0.0
2191,205,2022-08-03,0.0
2193,205,2022-08-04,0.0
2195,205,2022-08-05,0.55
2197,205,2022-08-06,0.0
2199,205,2022-08-07,0.0
1571,159,2022-08-01,1.0
1572,159,2022-08-02,0.0
1573,159,2022-08-03,1.0
1574,159,2022-08-04,0.0
1575,159,2022-08-05,0.0
1576,159,2022-08-06,1.0
1577,159,2022-08-07,0.0
1505,452,2022-08-01,1.0
1506,452,2022-08-02,1.0
1507,452,2022-08-03,1.0
1508,452,2022-08-04,1.0
1509,452,2022-08-05,1.0
1510,452,2022-08-06,1.0
1511,452,2022-08-07,1.0
532,486,2022-08-01,2.0
533,486,2022-08-02,2.0
534,486,2022-08-03,2.0
535,486,2022-08-04,2.0
536,486,2022-08-05,1.0
537,486,2022-08-06,2.0
538,486,2022-08-07,2.0
1928,276,2022-08-01,0.0
1930,276,2022-08-02,0.0
1932,276,2022-08-03,0.0
1934,276,2022-08-04,2.55
1936,276,2022-08-05,1.0
1938,276,2022-08-06,1.0
1940,276,2022-08-07,1.0
252,247,2022-08-01,2.45
253,247,2022-08-02,0.0
254,247,2022-08-03,1.0
255,247,2022-08-04,1.0
256,247,2022-08-05,0.0
257,247,2022-08-06,0.0
258,247,2022-08-07,0.0
1837,273,2022-08-01,4.0
1838,273,2022-08-02,4.0
1839,273,2022-08-03,4.0
1840,273,2022-08-04,4.0
1841,273,2022-08-05,4.0
1842,273,2022-08-06,4.0
1843,273,2022-08-07,4.0
343,309,2022-08-01,1.0
344,309,2022-08-02,1.0
345,309,2022-08-03,1.0
346,309,2022-08-04,1.45
347,309,2022-08-05,1.45
348,309,2022-08-06,1.0
349,309,2022-08-07,1.0
1129,113,2022-08-01,0.45
1130,113,2022-08-02,1.0
1131,113,2022-08-03,1.0
1132,113,2022-08-04,2.0
1133,113,2022-08-05,1.0
1134,113,2022-08-06,1.0
1135,113,2022-08-07,1.0
1234,163,2022-08-01,0.0
1235,163,2022-08-02,0.0
1236,163,2022-08-03,0.0
1237,163,2022-08-04,0.0
1238,163,2022-08-05,0.0
1239,163,2022-08-06,0.0
1240,163,2022-08-07,1.0
1199,157,2022-08-01,0.0
1200,157,2022-08-02,0.0
1201,157,2022-08-03,0.0
1202,157,2022-08-04,0.0
1203,157,2022-08-05,0.0
1204,157,2022-08-06,0.0
1205,157,2022-08-07,0.0
434,93,2022-08-01,0.0
436,93,2022-08-02,2.0
438,93,2022-08-03,0.0
440,93,2022-08-04,1.45
442,93,2022-08-05,0.0
444,93,2022-08-06,2.0
446,93,2022-08-07,1.0
1171,42,2022-08-01,0.0
1172,42,2022-08-02,1.0
1173,42,2022-08-03,0.55
1174,42,2022-08-04,1.0
1175,42,2022-08-05,0.0
1176,42,2022-08-06,1.0
1177,42,2022-08-07,1.0
1050,345,2022-08-01,0.55
1051,345,2022-08-02,1.55
1052,345,2022-08-03,1.0
1053,345,2022-08-04,2.0
1054,345,2022-08-05,1.0
1055,345,2022-08-06,1.0
1056,345,2022-08-07,0.0
217,182,2022-08-01,3.0
218,182,2022-08-02,2.0
219,182,2022-08-03,4.0
220,182,2022-08-04,2.0
221,182,2022-08-05,2.55
222,182,2022-08-06,1.0
223,182,2022-08-07,2.0
1157,146,2022-08-01,1.0
1158,146,2022-08-02,1.0
1159,146,2022-08-03,1.0
1160,146,2022-08-04,1.0
1161,146,2022-08-05,1.0
1162,146,2022-08-06,1.0
1163,146,2022-08-07,1.0
0,1,2022-08-01,1.0
7,1,2022-08-02,1.0
14,1,2022-08-03,1.0
21,1,2022-08-04,1.0
28,1,2022-08-05,1.0
35,1,2022-08-06,1.0
42,1,2022-08-07,1.0
1606,30,2022-08-01,1.0
1607,30,2022-08-02,1.0
1608,30,2022-08-03,1.0
1609,30,2022-08-04,1.0
1610,30,2022-08-05,1.0
1611,30,2022-08-06,1.0
1612,30,2022-08-07,1.0
651,519,2022-08-01,0.0
652,519,2022-08-02,0.55
653,519,2022-08-03,0.0
654,519,2022-08-04,0.0
655,519,2022-08-05,1.0
656,519,2022-08-06,0.0
657,519,2022-08-07,0.0
1331,366,2022-08-01,1.0
1332,366,2022-08-02,1.0
1333,366,2022-08-03,0.55
1334,366,2022-08-04,3.0
1335,366,2022-08-05,1.0
1336,366,2022-08-06,0.0
1337,366,2022-08-07,1.0
714,536,2022-08-01,0.0
715,536,2022-08-02,2.0
716,536,2022-08-03,0.55
717,536,2022-08-04,0.45
718,536,2022-08-05,1.0
719,536,2022-08-06,2.45
720,536,2022-08-07,0.55
1255,429,2022-08-01,2.0
1256,429,2022-08-02,2.0
1257,429,2022-08-03,0.0
1258,429,2022-08-04,1.0
1259,429,2022-08-05,1.0
1260,429,2022-08-06,2.0
1261,429,2022-08-07,0.0
203,423,2022-08-01,1.0
204,423,2022-08-02,1.0
205,423,2022-08-03,1.0
206,423,2022-08-04,1.0
207,423,2022-08-05,1.0
208,423,2022-08-06,1.0
209,423,2022-08-07,1.0
1414,32,2022-08-01,1.0
1415,32,2022-08-02,1.0
1416,32,2022-08-03,1.0
1417,32,2022-08-04,1.0
1418,32,2022-08-05,1.0
1419,32,2022-08-06,1.0
1420,32,2022-08-07,1.0
1262,162,2022-08-01,0.0
1263,162,2022-08-02,0.0
1264,162,2022-08-03,0.0
1265,162,2022-08-04,1.0
1266,162,2022-08-05,0.0
1267,162,2022-08-06,1.0
1268,162,2022-08-07,0.0
644,517,2022-08-01,0.0
645,517,2022-08-02,0.45
646,517,2022-08-03,1.0
647,517,2022-08-04,2.55
648,517,2022-08-05,2.45
649,517,2022-08-06,0.0
650,517,2022-08-07,3.0
2131,323,2022-08-01,1.0
2132,323,2022-08-02,0.45
2133,323,2022-08-03,1.0
2134,323,2022-08-04,0.55
2135,323,2022-08-05,1.0
2136,323,2022-08-06,1.0
2137,323,2022-08-07,2.55
2256,68,2022-08-01,0.0
2257,68,2022-08-02,1.0
2258,68,2022-08-03,0.0
2259,68,2022-08-04,1.0
2260,68,2022-08-05,1.0
2261,68,2022-08-06,1.0
2262,68,2022-08-07,0.0
1185,160,2022-08-01,0.0
1186,160,2022-08-02,2.0
1187,160,2022-08-03,0.0
1188,160,2022-08-04,0.55
1189,160,2022-08-05,1.0
1190,160,2022-08-06,0.0
1191,160,2022-08-07,0.55
1641,374,2022-08-01,1.0
1642,374,2022-08-02,0.0
1643,374,2022-08-03,0.0
1644,374,2022-08-04,1.0
1645,374,2022-08-05,0.0
1646,374,2022-08-06,0.0
1647,374,2022-08-07,1.0
1872,38,2022-08-01,1.45
1873,38,2022-08-02,1.0
1874,38,2022-08-03,0.0
1875,38,2022-08-04,2.0
1876,38,2022-08-05,1.45
1877,38,2022-08-06,0.0
1878,38,2022-08-07,1.0
1442,280,2022-08-01,0.0
1444,280,2022-08-02,1.0
1446,280,2022-08-03,0.0
1448,280,2022-08-04,0.0
1450,280,2022-08-05,0.0
1452,280,2022-08-06,0.0
1454,280,2022-08-07,0.0
301,296,2022-08-01,1.55
302,296,2022-08-02,0.0
303,296,2022-08-03,3.0
304,296,2022-08-04,1.0
305,296,2022-08-05,1.0
306,296,2022-08-06,1.0
307,296,2022-08-07,1.0
287,292,2022-08-01,2.0
288,292,2022-08-02,1.0
289,292,2022-08-03,0.0
290,292,2022-08-04,0.0
291,292,2022-08-05,0.0
292,292,2022-08-06,0.0
293,292,2022-08-07,0.0
1795,507,2022-08-01,0.0
1796,507,2022-08-02,1.0
1797,507,2022-08-03,2.0
1798,507,2022-08-04,1.0
1799,507,2022-08-05,1.0
1800,507,2022-08-06,2.0
1801,507,2022-08-07,1.0
385,320,2022-08-01,1.0
386,320,2022-08-02,1.0
387,320,2022-08-03,1.0
388,320,2022-08-04,1.0
389,320,2022-08-05,1.0
390,320,2022-08-06,1.0
391,320,2022-08-07,1.0
903,7,2022-08-01,1.0
904,7,2022-08-02,0.45
905,7,2022-08-03,0.0
906,7,2022-08-04,0.45
907,7,2022-08-05,1.45
908,7,2022-08-06,1.0
909,7,2022-08-07,1.0
889,225,2022-08-01,1.0
891,225,2022-08-02,1.0
893,225,2022-08-03,1.0
895,225,2022-08-04,1.0
897,225,2022-08-05,1.0
899,225,2022-08-06,1.0
901,225,2022-08-07,1.0
525,485,2022-08-01,1.04259038
526,485,2022-08-02,-0.46677947
527,485,2022-08-03,0.326372385
528,485,2022-08-04,0.254629374
529,485,2022-08-05,0.596884012
530,485,2022-08-06,0.624136209
531,485,2022-08-07,0.826601267
1043,251,2022-08-01,1.0
1044,251,2022-08-02,0.0
1045,251,2022-08-03,2.0
1046,251,2022-08-04,0.0
1047,251,2022-08-05,2.0
1048,251,2022-08-06,3.0
1049,251,2022-08-07,1.0
1108,57,2022-08-01,0.0
1109,57,2022-08-02,0.0
1110,57,2022-08-03,0.0
1111,57,2022-08-04,0.0
1112,57,2022-08-05,0.0
1113,57,2022-08-06,0.0
1114,57,2022-08-07,0.0
1484,178,2022-08-01,0.82298708
1485,178,2022-08-02,-0.0656569
1486,178,2022-08-03,1.372490406
1487,178,2022-08-04,1.322092295
1488,178,2022-08-05,2.070986986
1489,178,2022-08-06,2.272173643
1490,178,2022-08-07,1.234003782
1620,397,2022-08-01,1.0
1621,397,2022-08-02,1.0
1622,397,2022-08-03,1.0
1623,397,2022-08-04,1.0
1624,397,2022-08-05,1.0
1625,397,2022-08-06,1.0
1626,397,2022-08-07,1.0
777,551,2022-08-01,1.0
778,551,2022-08-02,0.0
779,551,2022-08-03,1.0
780,551,2022-08-04,1.0
781,551,2022-08-05,2.0
782,551,2022-08-06,4.0
783,551,2022-08-07,2.0
2242,402,2022-08-01,1.0
2243,402,2022-08-02,1.0
2244,402,2022-08-03,0.45
2245,402,2022-08-04,1.0
2246,402,2022-08-05,0.55
2247,402,2022-08-06,1.0
2248,402,2022-08-07,1.0
1421,187,2022-08-01,1.0
1422,187,2022-08-02,0.0
1423,187,2022-08-03,1.0
1424,187,2022-08-04,0.0
1425,187,2022-08-05,0.0
1426,187,2022-08-06,1.0
1427,187,2022-08-07,0.0
259,284,2022-08-01,0.0
260,284,2022-08-02,0.0
261,284,2022-08-03,1.0
262,284,2022-08-04,0.45
263,284,2022-08-05,0.0
264,284,2022-08-06,0.0
265,284,2022-08-07,0.0
602,508,2022-08-01,1.55
603,508,2022-08-02,1.55
604,508,2022-08-03,1.55
605,508,2022-08-04,1.55
606,508,2022-08-05,1.55
607,508,2022-08-06,1.55
608,508,2022-08-07,1.55
231,100,2022-08-01,1.0
232,100,2022-08-02,2.0
233,100,2022-08-03,0.0
234,100,2022-08-04,0.0
235,100,2022-08-05,0.0
236,100,2022-08-06,0.0
237,100,2022-08-07,0.0
623,514,2022-08-01,0.0
624,514,2022-08-02,0.0
625,514,2022-08-03,0.0
626,514,2022-08-04,0.0
627,514,2022-08-05,0.0
628,514,2022-08-06,0.0
629,514,2022-08-07,0.0
1543,386,2022-08-01,1.0
1544,386,2022-08-02,1.0
1545,386,2022-08-03,1.0
1546,386,2022-08-04,1.0
1547,386,2022-08-05,1.0
1548,386,2022-08-06,1.0
1549,386,2022-08-07,1.0
868,573,2022-08-01,0.0
869,573,2022-08-02,0.0
870,573,2022-08-03,0.0
871,573,2022-08-04,0.0
872,573,2022-08-05,0.55
873,573,2022-08-06,1.0
874,573,2022-08-07,0.0
1851,460,2022-08-01,1.0
1852,460,2022-08-02,1.0
1853,460,2022-08-03,1.0
1854,460,2022-08-04,1.0
1855,460,2022-08-05,1.0
1856,460,2022-08-06,1.0
1857,460,2022-08-07,1.0
826,560,2022-08-01,1.0
827,560,2022-08-02,1.0
828,560,2022-08-03,0.55
829,560,2022-08-04,1.0
830,560,2022-08-05,2.0
831,560,2022-08-06,2.0
832,560,2022-08-07,1.0
546,491,2022-08-01,0.0
547,491,2022-08-02,2.0
548,491,2022-08-03,0.0
549,491,2022-08-04,0.0
550,491,2022-08-05,1.0
551,491,2022-08-06,1.0
552,491,2022-08-07,2.0
1428,96,2022-08-01,1.0
1430,96,2022-08-02,0.0
1432,96,2022-08-03,0.55
1434,96,2022-08-04,0.0
1436,96,2022-08-05,1.0
1438,96,2022-08-06,0.0
1440,96,2022-08-07,1.0
1304,572,2022-08-01,2.0
1305,572,2022-08-02,1.0
1306,572,2022-08-03,0.45
1307,572,2022-08-04,0.55
1308,572,2022-08-05,1.0
1309,572,2022-08-06,4.0
1310,572,2022-08-07,0.45
2305,295,2022-08-01,1.55
2306,295,2022-08-02,1.0
2307,295,2022-08-03,1.55
2308,295,2022-08-04,1.0
2309,295,2022-08-05,1.0
2310,295,2022-08-06,1.0
2311,295,2022-08-07,1.0
2291,147,2022-08-01,-0.401494384
2292,147,2022-08-02,-0.043626547
2293,147,2022-08-03,-0.030091882
2294,147,2022-08-04,-0.647282958
2295,147,2022-08-05,-0.10860157
2296,147,2022-08-06,2.480939865
2297,147,2022-08-07,1.307490945
567,495,2022-08-01,0.0
568,495,2022-08-02,0.0
569,495,2022-08-03,1.0
570,495,2022-08-04,0.0
571,495,2022-08-05,0.0
572,495,2022-08-06,0.0
573,495,2022-08-07,1.0
1311,333,2022-08-01,1.0
1312,333,2022-08-02,1.0
1313,333,2022-08-03,1.0
1314,333,2022-08-04,1.0
1315,333,2022-08-05,1.0
1316,333,2022-08-06,1.0
1317,333,2022-08-07,1.0
2284,358,2022-08-01,0.0
2285,358,2022-08-02,0.0
2286,358,2022-08-03,0.0
2287,358,2022-08-04,0.0
2288,358,2022-08-05,0.0
2289,358,2022-08-06,0.0
2290,358,2022-08-07,0.0
1338,51,2022-08-01,1.0
1339,51,2022-08-02,0.0
1340,51,2022-08-03,0.0
1341,51,2022-08-04,0.55
1342,51,2022-08-05,1.0
1343,51,2022-08-06,1.0
1344,51,2022-08-07,1.0
2221,373,2022-08-01,2.0
2222,373,2022-08-02,0.55
2223,373,2022-08-03,0.0
2224,373,2022-08-04,1.0
2225,373,2022-08-05,1.0
2226,373,2022-08-06,0.45
2227,373,2022-08-07,0.0
1057,91,2022-08-01,0.0
1059,91,2022-08-02,0.0
1061,91,2022-08-03,0.0
1063,91,2022-08-04,0.0
1065,91,2022-08-05,0.0
1067,91,2022-08-06,0.0
1069,91,2022-08-07,0.0
917,17,2022-08-01,0.0
918,17,2022-08-02,0.0
919,17,2022-08-03,0.0
920,17,2022-08-04,0.0
921,17,2022-08-05,1.0
922,17,2022-08-06,0.0
923,17,2022-08-07,1.0
1669,77,2022-08-01,2.0
1670,77,2022-08-02,0.0
1671,77,2022-08-03,0.0
1672,77,2022-08-04,0.0
1673,77,2022-08-05,0.0
1674,77,2022-08-06,1.0
1675,77,2022-08-07,3.0
1085,445,2022-08-01,1.0
1086,445,2022-08-02,1.0
1087,445,2022-08-03,1.0
1088,445,2022-08-04,1.0
1089,445,2022-08-05,1.0
1090,445,2022-08-06,1.0
1091,445,2022-08-07,1.0
91,370,2022-08-01,0.0
92,370,2022-08-02,0.0
93,370,2022-08-03,0.0
94,370,2022-08-04,0.0
95,370,2022-08-05,0.0
96,370,2022-08-06,0.0
97,370,2022-08-07,0.0
2180,395,2022-08-01,2.0
2181,395,2022-08-02,0.0
2182,395,2022-08-03,0.0
2183,395,2022-08-04,0.0
2184,395,2022-08-05,1.0
2185,395,2022-08-06,0.0
2186,395,2022-08-07,2.0
910,132,2022-08-01,0.0
911,132,2022-08-02,0.0
912,132,2022-08-03,0.0
913,132,2022-08-04,0.0
914,132,2022-08-05,0.0
915,132,2022-08-06,0.0
916,132,2022-08-07,0.0
1269,177,2022-08-01,2.0
1270,177,2022-08-02,0.0
1271,177,2022-08-03,1.0
1272,177,2022-08-04,0.0
1273,177,2022-08-05,0.0
1274,177,2022-08-06,0.0
1275,177,2022-08-07,0.0
952,81,2022-08-01,0.0
954,81,2022-08-02,1.0
956,81,2022-08-03,0.0
958,81,2022-08-04,0.0
960,81,2022-08-05,1.0
962,81,2022-08-06,0.0
964,81,2022-08-07,1.0
1318,272,2022-08-01,0.0
1320,272,2022-08-02,1.0
1322,272,2022-08-03,1.0
1324,272,2022-08-04,1.0
1326,272,2022-08-05,1.0
1328,272,2022-08-06,0.0
1329,272,2022-08-07,0.0
1001,375,2022-08-01,1.55
1002,375,2022-08-02,0.0
1003,375,2022-08-03,0.0
1004,375,2022-08-04,0.0
1005,375,2022-08-05,2.0
1006,375,2022-08-06,2.0
1007,375,2022-08-07,0.45
1844,24,2022-08-01,1.0
1845,24,2022-08-02,0.0
1846,24,2022-08-03,0.45
1847,24,2022-08-04,0.0
1848,24,2022-08-05,1.0
1849,24,2022-08-06,1.45
1850,24,2022-08-07,0.0
1599,408,2022-08-01,0.0
1600,408,2022-08-02,0.0
1601,408,2022-08-03,0.0
1602,408,2022-08-04,0.0
1603,408,2022-08-05,0.0
1604,408,2022-08-06,0.0
1605,408,2022-08-07,0.0
1522,246,2022-08-01,1.0
1523,246,2022-08-02,2.0
1524,246,2022-08-03,1.0
1525,246,2022-08-04,2.0
1526,246,2022-08-05,1.0
1527,246,2022-08-06,3.0
1528,246,2022-08-07,2.0
2012,483,2022-08-01,0.0
2013,483,2022-08-02,0.0
2014,483,2022-08-03,1.0
2015,483,2022-08-04,1.0
2016,483,2022-08-05,0.0
2017,483,2022-08-06,1.0
2018,483,2022-08-07,0.0
2152,389,2022-08-01,1.0
2153,389,2022-08-02,1.0
2154,389,2022-08-03,0.0
2155,389,2022-08-04,0.0
2156,389,2022-08-05,0.0
2157,389,2022-08-06,0.0
2158,389,2022-08-07,0.0
147,575,2022-08-01,0.0
148,575,2022-08-02,0.0
149,575,2022-08-03,0.0
150,575,2022-08-04,0.0
151,575,2022-08-05,0.0
152,575,2022-08-06,0.0
153,575,2022-08-07,0.0
2201,210,2022-08-01,0.0
2202,210,2022-08-02,0.0
2204,210,2022-08-03,0.0
2206,210,2022-08-04,0.0
2208,210,2022-08-05,0.0
2210,210,2022-08-06,0.0
2212,210,2022-08-07,1.0
1592,151,2022-08-01,0.55
1593,151,2022-08-02,1.0
1594,151,2022-08-03,0.55
1595,151,2022-08-04,0.0
1596,151,2022-08-05,0.0
1597,151,2022-08-06,1.0
1598,151,2022-08-07,0.0
875,574,2022-08-01,0.0
876,574,2022-08-02,0.55
877,574,2022-08-03,0.0
878,574,2022-08-04,0.0
879,574,2022-08-05,0.0
880,574,2022-08-06,0.0
881,574,2022-08-07,0.0
847,569,2022-08-01,1.0
848,569,2022-08-02,0.0
849,569,2022-08-03,0.0
850,569,2022-08-04,0.0
851,569,2022-08-05,0.0
852,569,2022-08-06,0.0
853,569,2022-08-07,1.0
1345,234,2022-08-01,0.0
1346,234,2022-08-02,0.0
1348,234,2022-08-03,0.0
1350,234,2022-08-04,0.0
1352,234,2022-08-05,0.0
1354,234,2022-08-06,0.0
1356,234,2022-08-07,0.0
658,524,2022-08-01,0.0
659,524,2022-08-02,0.0
660,524,2022-08-03,0.0
661,524,2022-08-04,0.0
662,524,2022-08-05,1.0
663,524,2022-08-06,0.0
664,524,2022-08-07,0.0
2319,362,2022-08-01,0.0
2320,362,2022-08-02,0.0
2321,362,2022-08-03,0.0
2322,362,2022-08-04,0.0
2323,362,2022-08-05,0.0
2324,362,2022-08-06,0.0
2325,362,2022-08-07,0.0
1760,15,2022-08-01,0.0
1761,15,2022-08-02,0.0
1762,15,2022-08-03,1.0
1763,15,2022-08-04,0.0
1764,15,2022-08-05,0.0
1765,15,2022-08-06,1.0
1766,15,2022-08-07,0.0
364,316,2022-08-01,0.0
365,316,2022-08-02,0.0
366,316,2022-08-03,0.55
367,316,2022-08-04,0.0
368,316,2022-08-05,0.0
369,316,2022-08-06,1.0
370,316,2022-08-07,0.0
357,314,2022-08-01,0.0
358,314,2022-08-02,0.0
359,314,2022-08-03,0.0
360,314,2022-08-04,0.0
361,314,2022-08-05,0.0
362,314,2022-08-06,0.0
363,314,2022-08-07,0.0
2159,120,2022-08-01,0.0
2160,120,2022-08-02,0.0
2161,120,2022-08-03,0.0
2162,120,2022-08-04,0.0
2163,120,2022-08-05,0.0
2164,120,2022-08-06,0.0
2165,120,2022-08-07,0.0
154,175,2022-08-01,0.0
155,175,2022-08-02,1.0
156,175,2022-08-03,0.0
157,175,2022-08-04,0.0
158,175,2022-08-05,1.0
159,175,2022-08-06,0.0
160,175,2022-08-07,0.0
1865,76,2022-08-01,0.0
1866,76,2022-08-02,0.0
1867,76,2022-08-03,1.0
1868,76,2022-08-04,0.0
1869,76,2022-08-05,0.0
1870,76,2022-08-06,0.0
1871,76,2022-08-07,0.0
168,298,2022-08-01,2.0
169,298,2022-08-02,0.0
170,298,2022-08-03,0.0
171,298,2022-08-04,2.0
172,298,2022-08-05,0.0
173,298,2022-08-06,0.0
174,298,2022-08-07,2.0
1977,329,2022-08-01,0.0
1978,329,2022-08-02,0.55
1979,329,2022-08-03,0.0
1980,329,2022-08-04,0.0
1981,329,2022-08-05,1.0
1982,329,2022-08-06,2.0
1983,329,2022-08-07,0.0
693,533,2022-08-01,0.0
694,533,2022-08-02,0.0
695,533,2022-08-03,0.0
696,533,2022-08-04,0.0
697,533,2022-08-05,0.0
698,533,2022-08-06,0.0
699,533,2022-08-07,0.0
462,471,2022-08-01,1.0
463,471,2022-08-02,0.0
464,471,2022-08-03,0.0
465,471,2022-08-04,0.0
466,471,2022-08-05,0.0
467,471,2022-08-06,0.0
468,471,2022-08-07,0.0
1585,407,2022-08-01,0.0
1586,407,2022-08-02,0.0
1587,407,2022-08-03,0.0
1588,407,2022-08-04,1.0
1589,407,2022-08-05,0.0
1590,407,2022-08-06,0.0
1591,407,2022-08-07,0.0
742,542,2022-08-01,0.0
743,542,2022-08-02,0.0
744,542,2022-08-03,0.0
745,542,2022-08-04,0.0
746,542,2022-08-05,0.0
747,542,2022-08-06,0.0
748,542,2022-08-07,0.0
1512,215,2022-08-01,0.0
1513,215,2022-08-02,0.0
1514,215,2022-08-03,0.0
1516,215,2022-08-04,0.0
1517,215,2022-08-05,0.0
1519,215,2022-08-06,0.0
1521,215,2022-08-07,0.0
1099,228,2022-08-01,0.0
1101,228,2022-08-02,0.0
1102,228,2022-08-03,0.0
1104,228,2022-08-04,1.0
1105,228,2022-08-05,0.0
1106,228,2022-08-06,0.0
1107,228,2022-08-07,0.0
2347,6,2022-08-01,7.44939548
2348,6,2022-08-02,7.267143919
2349,6,2022-08-03,7.929402008
2350,6,2022-08-04,8.662637274
2351,6,2022-08-05,11.62106874
2352,6,2022-08-06,15.28199998
2353,6,2022-08-07,11.97893464
1879,8,2022-08-01,3.0
1880,8,2022-08-02,3.0
1881,8,2022-08-03,3.0
1882,8,2022-08-04,3.0
1883,8,2022-08-05,3.0
1884,8,2022-08-06,3.0
1885,8,2022-08-07,3.0
1683,9,2022-08-01,0.0
1684,9,2022-08-02,0.0
1685,9,2022-08-03,0.0
1686,9,2022-08-04,0.0
1687,9,2022-08-05,0.0
1688,9,2022-08-06,0.0
1689,9,2022-08-07,0.0
2361,10,2022-08-01,1.735430598
2362,10,2022-08-02,0.353279114
2363,10,2022-08-03,1.756594181
2364,10,2022-08-04,0.966444969
2365,10,2022-08-05,2.732412815
2366,10,2022-08-06,3.325539827
2367,10,2022-08-07,3.696622372
2382,12,2022-08-01,-0.216116132
2383,12,2022-08-02,1.363891015
2384,12,2022-08-03,1.891459238
2385,12,2022-08-04,-0.093040368
2386,12,2022-08-05,1.633989615
2387,12,2022-08-06,1.829954178
2388,12,2022-08-07,1.341410723
3515,13,2022-08-04,2.0
3604,13,2022-08-06,2.0
3665,13,2022-08-01,2.0
3826,13,2022-08-03,2.0
3851,13,2022-08-05,2.0
3942,13,2022-08-07,2.0
4007,13,2022-08-02,2.0
2124,18,2022-08-01,3.37061126
2125,18,2022-08-02,2.60459292
2126,18,2022-08-03,3.184686023
2127,18,2022-08-04,3.702631679
2128,18,2022-08-05,6.992239149
2129,18,2022-08-06,8.270044475
2130,18,2022-08-07,5.551446785
2403,19,2022-08-01,2.266739038
2404,19,2022-08-02,1.778595377
2405,19,2022-08-03,1.698769478
2406,19,2022-08-04,2.307406068
2407,19,2022-08-05,2.845367591
2408,19,2022-08-06,4.020878999
2409,19,2022-08-07,2.647426841
2410,23,2022-08-01,0.758549989
2411,23,2022-08-02,2.160744527
2412,23,2022-08-03,0.752849059
2413,23,2022-08-04,0.869874287
2414,23,2022-08-05,0.689178285
2415,23,2022-08-06,2.130585705
2416,23,2022-08-07,0.834267952
2424,29,2022-08-01,1.321169972
2425,29,2022-08-02,1.858267784
2426,29,2022-08-03,1.507740021
2427,29,2022-08-04,1.688572407
2428,29,2022-08-05,2.355889082
2429,29,2022-08-06,2.546054363
2430,29,2022-08-07,0.582274914
1400,35,2022-08-01,5.617128372
1401,35,2022-08-02,6.722597122
1402,35,2022-08-03,4.452940941
1403,35,2022-08-04,7.2246418
1404,35,2022-08-05,5.632910252
1405,35,2022-08-06,8.104381561
1406,35,2022-08-07,9.832487106
2445,36,2022-08-01,0.0
2446,36,2022-08-02,0.0
2447,36,2022-08-03,0.0
2448,36,2022-08-04,0.0
2449,36,2022-08-05,0.0
2450,36,2022-08-06,0.0
2451,36,2022-08-07,0.0
2459,39,2022-08-01,0.665218887
2460,39,2022-08-02,0.583152801
2461,39,2022-08-03,0.585232173
2462,39,2022-08-04,1.392678876
2463,39,2022-08-05,1.338028283
2464,39,2022-08-06,1.927683796
2465,39,2022-08-07,0.928401728
1753,40,2022-08-01,8.583506616
1754,40,2022-08-02,7.683591391
1755,40,2022-08-03,7.781719781
1756,40,2022-08-04,8.494302751
1757,40,2022-08-05,11.29494068
1758,40,2022-08-06,13.63611342
1759,40,2022-08-07,8.308731455
2452,41,2022-08-01,1.708071749
2453,41,2022-08-02,1.181038326
2454,41,2022-08-03,1.373076591
2455,41,2022-08-04,0.845499219
2456,41,2022-08-05,1.688779919
2457,41,2022-08-06,2.478729394
2458,41,2022-08-07,1.486987543
2480,43,2022-08-01,2.013740778
2481,43,2022-08-02,2.706824541
2482,43,2022-08-03,2.628028154
2483,43,2022-08-04,1.361227751
2484,43,2022-08-05,4.144378662
2485,43,2022-08-06,4.249047279
2486,43,2022-08-07,3.660953999
2494,44,2022-08-01,1.748506722
2495,44,2022-08-02,1.594467789
2496,44,2022-08-03,1.858512899
2497,44,2022-08-04,1.643401275
2498,44,2022-08-05,2.423352609
2499,44,2022-08-06,2.997509696
2500,44,2022-08-07,2.00054672
2501,45,2022-08-01,1.670680696
2502,45,2022-08-02,0.595892596
2503,45,2022-08-03,0.572759497
2504,45,2022-08-04,2.727140091
2505,45,2022-08-05,1.968120002
2506,45,2022-08-06,3.611826046
2507,45,2022-08-07,2.876951279
1767,47,2022-08-01,6.0
1768,47,2022-08-02,6.0
1769,47,2022-08-03,6.0
1770,47,2022-08-04,6.0
1771,47,2022-08-05,6.0
1772,47,2022-08-06,6.0
1773,47,2022-08-07,6.0
224,49,2022-08-01,7.559036025
225,49,2022-08-02,7.823503008
226,49,2022-08-03,7.640056469
227,49,2022-08-04,8.394769362
228,49,2022-08-05,10.0236324
229,49,2022-08-06,10.81186047
230,49,2022-08-07,7.13745733
2515,50,2022-08-01,69.8015614
2516,50,2022-08-02,70.75892485
2517,50,2022-08-03,72.09983657
2518,50,2022-08-04,74.29959945
2519,50,2022-08-05,81.99078715
2520,50,2022-08-06,88.64085719
2521,50,2022-08-07,72.26725889
1711,52,2022-08-01,0.0
1712,52,2022-08-02,0.0
1713,52,2022-08-03,0.0
1714,52,2022-08-04,0.0
1715,52,2022-08-05,0.0
1716,52,2022-08-06,0.0
1717,52,2022-08-07,0.0
3444,53,2022-08-04,1.0
3532,53,2022-08-06,1.0
3625,53,2022-08-01,1.0
3747,53,2022-08-03,1.0
3751,53,2022-08-05,1.0
3870,53,2022-08-07,1.0
3973,53,2022-08-02,1.0
2536,60,2022-08-01,1.623898023
2537,60,2022-08-02,1.603307883
2538,60,2022-08-03,1.463209984
2539,60,2022-08-04,1.609607931
2540,60,2022-08-05,1.683373158
2541,60,2022-08-06,1.90024659
2542,60,2022-08-07,1.644731181
2543,61,2022-08-01,2.420881033
2544,61,2022-08-02,3.755149841
2545,61,2022-08-03,2.551593542
2546,61,2022-08-04,2.224037886
2547,61,2022-08-05,3.708800554
2548,61,2022-08-06,1.271375895
2549,61,2022-08-07,2.450955868
2550,62,2022-08-01,0.536466654
2551,62,2022-08-02,0.263698559
2552,62,2022-08-03,0.353493615
2553,62,2022-08-04,0.536476889
2554,62,2022-08-05,1.223082549
2555,62,2022-08-06,1.81268215
2556,62,2022-08-07,1.200353619
3465,67,2022-08-03,1.0
3494,67,2022-08-05,1.0
3623,67,2022-08-07,1.0
3703,67,2022-08-02,1.0
3750,67,2022-08-04,1.0
3806,67,2022-08-06,1.0
3917,67,2022-08-01,1.0
2033,69,2022-08-01,4.0
2034,69,2022-08-02,4.0
2035,69,2022-08-03,4.0
2036,69,2022-08-04,4.0
2037,69,2022-08-05,4.0
2038,69,2022-08-06,4.0
2039,69,2022-08-07,4.0
3472,71,2022-08-01,1.0
3610,71,2022-08-03,1.0
3657,71,2022-08-05,1.0
3741,71,2022-08-07,1.0
3814,71,2022-08-02,1.0
3897,71,2022-08-04,1.0
3999,71,2022-08-06,1.0
2557,72,2022-08-01,1.494113358
2558,72,2022-08-02,1.160533177
2559,72,2022-08-03,1.258028745
2560,72,2022-08-04,1.327167761
2561,72,2022-08-05,0.977316001
2562,72,2022-08-06,0.994020197
2563,72,2022-08-07,1.287192443
1220,73,2022-08-01,0.0
1221,73,2022-08-02,0.0
1222,73,2022-08-03,0.0
1223,73,2022-08-04,0.0
1224,73,2022-08-05,0.0
1225,73,2022-08-06,0.0
1226,73,2022-08-07,0.0
2564,74,2022-08-01,42.0
2565,74,2022-08-02,42.0
2566,74,2022-08-03,42.0
2567,74,2022-08-04,42.0
2568,74,2022-08-05,42.0
2569,74,2022-08-06,42.0
2570,74,2022-08-07,42.0
3456,80,2022-08-03,2.0
3533,80,2022-08-05,2.0
3621,80,2022-08-07,2.0
3707,80,2022-08-02,2.0
3765,80,2022-08-04,2.0
3841,80,2022-08-06,2.0
3931,80,2022-08-01,2.0
3442,84,2022-08-06,3.0
3542,84,2022-08-01,3.0
3641,84,2022-08-03,3.0
3708,84,2022-08-05,3.0
3821,84,2022-08-07,3.0
3905,84,2022-08-02,3.0
3984,84,2022-08-04,3.0
2571,87,2022-08-01,2.07156066
2572,87,2022-08-02,3.385243593
2573,87,2022-08-03,4.94434979
2574,87,2022-08-04,3.322591914
2575,87,2022-08-05,4.64522029
2576,87,2022-08-06,4.859806754
2577,87,2022-08-07,5.577969819
2578,88,2022-08-01,0.953397061
2579,88,2022-08-02,0.837786584
2580,88,2022-08-03,1.038719109
2581,88,2022-08-04,1.307575592
2582,88,2022-08-05,1.456199411
2583,88,2022-08-06,1.74080473
2584,88,2022-08-07,1.31772813
3443,92,2022-08-03,1.0
3495,92,2022-08-05,1.0
3563,92,2022-08-07,1.0
3688,92,2022-08-02,1.0
3781,92,2022-08-04,1.0
3816,92,2022-08-06,1.0
3967,92,2022-08-01,1.0
3441,95,2022-08-07,4.0
3594,95,2022-08-02,4.0
3662,95,2022-08-04,4.0
3757,95,2022-08-06,4.0
3878,95,2022-08-01,4.0
3892,95,2022-08-03,4.0
3998,95,2022-08-05,4.0
3491,97,2022-08-01,1.0
3531,97,2022-08-03,1.0
3632,97,2022-08-05,1.0
3674,97,2022-08-07,1.0
3780,97,2022-08-02,1.0
3865,97,2022-08-04,1.0
3926,97,2022-08-06,1.0
2585,99,2022-08-01,13.6390586
2586,99,2022-08-02,19.34218343
2587,99,2022-08-03,11.81122493
2588,99,2022-08-04,12.50409571
2589,99,2022-08-05,11.96456644
2590,99,2022-08-06,23.57195872
2591,99,2022-08-07,19.62840399
3587,101,2022-08-02,4.0
3590,101,2022-08-04,4.0
3704,101,2022-08-06,4.0
3790,101,2022-08-01,4.0
3867,101,2022-08-03,4.0
3963,101,2022-08-05,4.0
3987,101,2022-08-07,4.0
2592,102,2022-08-01,1.807888508
2593,102,2022-08-02,2.321216345
2594,102,2022-08-03,1.094180584
2595,102,2022-08-04,0.563472509
2596,102,2022-08-05,1.311701775
2597,102,2022-08-06,1.372077465
2598,102,2022-08-07,-0.700168014
2599,103,2022-08-01,5.278870281
2600,103,2022-08-02,3.159538084
2601,103,2022-08-03,4.159264915
2602,103,2022-08-04,5.454335809
2603,103,2022-08-05,5.748959989
2604,103,2022-08-06,5.158399242
2605,103,2022-08-07,3.806362486
2606,104,2022-08-01,8.0
2607,104,2022-08-02,8.0
2608,104,2022-08-03,8.0
2609,104,2022-08-04,8.0
2610,104,2022-08-05,8.0
2611,104,2022-08-06,8.0
2612,104,2022-08-07,8.0
2613,105,2022-08-01,2.804693817
2614,105,2022-08-02,1.19305516
2615,105,2022-08-03,2.082018132
2616,105,2022-08-04,1.91591158
2617,105,2022-08-05,1.637652192
2618,105,2022-08-06,2.359626436
2619,105,2022-08-07,2.026639804
3477,107,2022-08-05,2.0
3549,107,2022-08-07,2.0
3679,107,2022-08-02,2.0
3696,107,2022-08-04,2.0
3811,107,2022-08-06,2.0
3884,107,2022-08-01,2.0
3993,107,2022-08-03,2.0
2620,108,2022-08-01,5.917909451
2621,108,2022-08-02,6.267393638
2622,108,2022-08-03,3.074682151
2623,108,2022-08-04,-1.109066562
2624,108,2022-08-05,2.79887763
2625,108,2022-08-06,3.335462137
2626,108,2022-08-07,2.467023692
2627,109,2022-08-01,2.664382373
2628,109,2022-08-02,1.783299872
2629,109,2022-08-03,2.090917165
2630,109,2022-08-04,2.487191001
2631,109,2022-08-05,3.157933799
2632,109,2022-08-06,4.528627176
2633,109,2022-08-07,2.973411083
3578,110,2022-08-07,2.0
3612,110,2022-08-02,2.0
3673,110,2022-08-04,2.0
3779,110,2022-08-06,2.0
3885,110,2022-08-01,2.0
3986,110,2022-08-03,2.0
4001,110,2022-08-05,2.0
2634,111,2022-08-01,2.715512753
2635,111,2022-08-02,2.830502748
2636,111,2022-08-03,2.834293127
2637,111,2022-08-04,2.678680182
2638,111,2022-08-05,2.706236124
2639,111,2022-08-06,2.615674257
2640,111,2022-08-07,1.226687431
3493,112,2022-08-02,0.0
3579,112,2022-08-04,0.0
3697,112,2022-08-06,0.0
3713,112,2022-08-01,0.0
3859,112,2022-08-03,0.0
3895,112,2022-08-05,0.0
4006,112,2022-08-07,0.0
2641,114,2022-08-01,0.265702752
2642,114,2022-08-02,0.231996655
2643,114,2022-08-03,1.554808397
2644,114,2022-08-04,0.209613868
2645,114,2022-08-05,1.764650128
2646,114,2022-08-06,1.756398992
2647,114,2022-08-07,0.074664851
2648,115,2022-08-01,0.394044796
2649,115,2022-08-02,0.303011932
2650,115,2022-08-03,0.288871541
2651,115,2022-08-04,0.420130234
2652,115,2022-08-05,0.747522453
2653,115,2022-08-06,0.857503962
2654,115,2022-08-07,0.545385956
3447,116,2022-08-04,0.0
3553,116,2022-08-06,0.0
3661,116,2022-08-01,0.0
3684,116,2022-08-03,0.0
3768,116,2022-08-05,0.0
3871,116,2022-08-07,0.0
3946,116,2022-08-02,0.0
2655,117,2022-08-01,0.931317091
2656,117,2022-08-02,1.475857019
2657,117,2022-08-03,3.502934456
2658,117,2022-08-04,3.453484535
2659,117,2022-08-05,2.120299339
2660,117,2022-08-06,3.591616154
2661,117,2022-08-07,3.026732922
3439,121,2022-08-06,0.0
3502,121,2022-08-01,0.0
3571,121,2022-08-03,0.0
3624,121,2022-08-05,0.0
3796,121,2022-08-07,0.0
3842,121,2022-08-02,0.0
3953,121,2022-08-04,0.0
2662,123,2022-08-01,0.0
2663,123,2022-08-02,0.0
2664,123,2022-08-03,0.0
2665,123,2022-08-04,0.0
2666,123,2022-08-05,0.0
2667,123,2022-08-06,0.0
2668,123,2022-08-07,0.0
3501,124,2022-08-07,0.0
3606,124,2022-08-02,0.0
3638,124,2022-08-04,0.0
3838,124,2022-08-06,0.0
3852,124,2022-08-01,0.0
3890,124,2022-08-03,0.0
3996,124,2022-08-05,0.0
2669,125,2022-08-01,2.063605785
2670,125,2022-08-02,0.952764273
2671,125,2022-08-03,0.917403221
2672,125,2022-08-04,1.358564615
2673,125,2022-08-05,2.627332449
2674,125,2022-08-06,0.577195406
2675,125,2022-08-07,0.228039026
2676,126,2022-08-01,0.812062886
2677,126,2022-08-02,2.210925105
2678,126,2022-08-03,2.372455077
2679,126,2022-08-04,2.22138416
2680,126,2022-08-05,3.992591109
2681,126,2022-08-06,4.45688953
2682,126,2022-08-07,0.745225787
3481,128,2022-08-06,1.0
3592,128,2022-08-01,1.0
3683,128,2022-08-03,1.0
3711,128,2022-08-05,1.0
3818,128,2022-08-07,1.0
3923,128,2022-08-04,1.0
3932,128,2022-08-02,1.0
3551,129,2022-08-01,1.0
3565,129,2022-08-03,1.0
3648,129,2022-08-05,1.0
3692,129,2022-08-07,1.0
3889,129,2022-08-02,1.0
3918,129,2022-08-04,1.0
4008,129,2022-08-06,1.0
2683,130,2022-08-01,0.989172161
2684,130,2022-08-02,-0.539667606
2685,130,2022-08-03,0.020152092
2686,130,2022-08-04,0.536488712
2687,130,2022-08-05,1.112481713
2688,130,2022-08-06,1.341164827
2689,130,2022-08-07,-0.091773152
2690,133,2022-08-01,3.88616991
2691,133,2022-08-02,3.237490177
2692,133,2022-08-03,5.549361706
2693,133,2022-08-04,6.498997688
2694,133,2022-08-05,8.465567589
2695,133,2022-08-06,11.47808456
2696,133,2022-08-07,8.830462456
2697,134,2022-08-01,5.177872181
2698,134,2022-08-02,4.196563244
2699,134,2022-08-03,2.529440403
2700,134,2022-08-04,4.612867355
2701,134,2022-08-05,5.304986954
2702,134,2022-08-06,2.978004456
2703,134,2022-08-07,3.118584633
2704,135,2022-08-01,2.46483326
2705,135,2022-08-02,4.597936153
2706,135,2022-08-03,3.558202267
2707,135,2022-08-04,2.614456415
2708,135,2022-08-05,3.745684385
2709,135,2022-08-06,0.660426378
2710,135,2022-08-07,1.369161367
2711,137,2022-08-01,0.797227552
2712,137,2022-08-02,0.913731839
2713,137,2022-08-03,0.055387541
2714,137,2022-08-04,0.041073209
2715,137,2022-08-05,0.334002829
2716,137,2022-08-06,3.233217692
2717,137,2022-08-07,-0.02220016
3506,138,2022-08-06,2.0
3560,138,2022-08-01,2.0
3660,138,2022-08-03,2.0
3746,138,2022-08-05,2.0
3755,138,2022-08-07,2.0
3950,138,2022-08-02,2.0
3961,138,2022-08-04,2.0
2718,139,2022-08-01,0.667960094
2719,139,2022-08-02,0.6676013
2720,139,2022-08-03,0.783223165
2721,139,2022-08-04,0.938804925
2722,139,2022-08-05,1.266966107
2723,139,2022-08-06,1.402605593
2724,139,2022-08-07,3.34995572
2725,140,2022-08-01,2.0
2726,140,2022-08-02,2.0
2727,140,2022-08-03,2.0
2728,140,2022-08-04,2.0
2729,140,2022-08-05,2.0
2730,140,2022-08-06,2.0
2731,140,2022-08-07,2.0
2732,141,2022-08-01,3.706688176
2733,141,2022-08-02,3.474944322
2734,141,2022-08-03,3.564216396
2735,141,2022-08-04,3.493569801
2736,141,2022-08-05,3.823579975
2737,141,2022-08-06,3.577840763
2738,141,2022-08-07,2.704779342
2739,142,2022-08-01,0.0
2740,142,2022-08-02,0.0
2741,142,2022-08-03,0.0
2742,142,2022-08-04,0.0
2743,142,2022-08-05,0.0
2744,142,2022-08-06,0.0
2745,142,2022-08-07,0.0
2746,143,2022-08-01,3.991811275
2747,143,2022-08-02,1.189023137
2748,143,2022-08-03,0.503051877
2749,143,2022-08-04,3.647325039
2750,143,2022-08-05,2.99845314
2751,143,2022-08-06,3.135941744
2752,143,2022-08-07,-0.429913521
2753,144,2022-08-01,24.64835482
2754,144,2022-08-02,23.26122104
2755,144,2022-08-03,24.60867509
2756,144,2022-08-04,26.80203538
2757,144,2022-08-05,35.50342437
2758,144,2022-08-06,47.38234602
2759,144,2022-08-07,27.75229493
3488,145,2022-08-01,4.0
3580,145,2022-08-03,4.0
3686,145,2022-08-05,4.0
3701,145,2022-08-07,4.0
3754,145,2022-08-02,4.0
3864,145,2022-08-04,4.0
3944,145,2022-08-06,4.0
2760,148,2022-08-01,1.012375675
2761,148,2022-08-02,1.103691587
2762,148,2022-08-03,1.086216707
2763,148,2022-08-04,3.013467209
2764,148,2022-08-05,1.139180025
2765,148,2022-08-06,1.203261692
2766,148,2022-08-07,1.092282229
3478,149,2022-08-03,1.0
3534,149,2022-08-05,1.0
3675,149,2022-08-07,1.0
3712,149,2022-08-02,1.0
3728,149,2022-08-04,1.0
3848,149,2022-08-06,1.0
3972,149,2022-08-01,1.0
3453,152,2022-08-06,0.0
3573,152,2022-08-01,0.0
3652,152,2022-08-03,0.0
3698,152,2022-08-05,0.0
3829,152,2022-08-07,0.0
3873,152,2022-08-02,0.0
4011,152,2022-08-04,0.0
2767,153,2022-08-01,1.361458857
2768,153,2022-08-02,1.359206576
2769,153,2022-08-03,1.467545796
2770,153,2022-08-04,1.317035355
2771,153,2022-08-05,1.777301006
2772,153,2022-08-06,1.668917547
2773,153,2022-08-07,1.432931975
2774,155,2022-08-01,0.907078743
2775,155,2022-08-02,0.927582622
2776,155,2022-08-03,1.440794706
2777,155,2022-08-04,1.459560752
2778,155,2022-08-05,1.503707528
2779,155,2022-08-06,1.157505631
2780,155,2022-08-07,1.242954969
3500,156,2022-08-04,4.0
3597,156,2022-08-06,4.0
3694,156,2022-08-01,4.0
3738,156,2022-08-03,4.0
3902,156,2022-08-05,4.0
3921,156,2022-08-07,4.0
3994,156,2022-08-02,4.0
2781,158,2022-08-01,1.443634527
2782,158,2022-08-02,1.5283097
2783,158,2022-08-03,1.451134353
2784,158,2022-08-04,1.4533782
2785,158,2022-08-05,1.552975516
2786,158,2022-08-06,1.847230591
2787,158,2022-08-07,1.487480691
2788,161,2022-08-01,0.764506578
2789,161,2022-08-02,0.624911249
2790,161,2022-08-03,0.597697973
2791,161,2022-08-04,1.635837078
2792,161,2022-08-05,0.234103143
2793,161,2022-08-06,1.538196325
2794,161,2022-08-07,1.266636372
2795,164,2022-08-01,1.670808803
2796,164,2022-08-02,1.478628334
2797,164,2022-08-03,1.37756069
2798,164,2022-08-04,1.566171891
2799,164,2022-08-05,2.265023118
2800,164,2022-08-06,3.125259893
2801,164,2022-08-07,2.106218911
1365,165,2022-08-01,7.0
1366,165,2022-08-02,7.0
1367,165,2022-08-03,7.0
1368,165,2022-08-04,7.0
1369,165,2022-08-05,7.0
1370,165,2022-08-06,7.0
1371,165,2022-08-07,7.0
2802,166,2022-08-01,0.654108442
2803,166,2022-08-02,0.65644783
2804,166,2022-08-03,0.741215268
2805,166,2022-08-04,0.72584216
2806,166,2022-08-05,0.943340873
2807,166,2022-08-06,1.132191842
2808,166,2022-08-07,0.799134636
2809,167,2022-08-01,0.971406324
2810,167,2022-08-02,0.813204778
2811,167,2022-08-03,0.908100678
2812,167,2022-08-04,1.069998833
2813,167,2022-08-05,1.037701944
2814,167,2022-08-06,1.371032515
2815,167,2022-08-07,0.924485912
3469,170,2022-08-06,0.0
3614,170,2022-08-01,0.0
3643,170,2022-08-03,0.0
3740,170,2022-08-05,0.0
3797,170,2022-08-07,0.0
3855,170,2022-08-02,0.0
4012,170,2022-08-04,0.0
2816,171,2022-08-01,1.255827429
2817,171,2022-08-02,1.122503016
2818,171,2022-08-03,0.989090574
2819,171,2022-08-04,1.155814505
2820,171,2022-08-05,1.522515706
2821,171,2022-08-06,1.622511455
2822,171,2022-08-07,1.222514215
70,172,2022-08-01,7.0
71,172,2022-08-02,7.0
72,172,2022-08-03,10.0
73,172,2022-08-04,8.0
74,172,2022-08-05,8.55
75,172,2022-08-06,7.0
76,172,2022-08-07,6.0
2823,176,2022-08-01,2.870472431
2824,176,2022-08-02,1.990389347
2825,176,2022-08-03,2.418442488
2826,176,2022-08-04,3.196055889
2827,176,2022-08-05,2.391945362
2828,176,2022-08-06,4.217112541
2829,176,2022-08-07,2.709610939
2830,180,2022-08-01,0.0
2831,180,2022-08-02,0.0
2832,180,2022-08-03,0.0
2833,180,2022-08-04,0.0
2834,180,2022-08-05,0.0
2835,180,2022-08-06,0.0
2836,180,2022-08-07,0.0
2837,181,2022-08-01,-0.023952723
2838,181,2022-08-02,0.210875988
2839,181,2022-08-03,0.759717822
2840,181,2022-08-04,0.799189091
2841,181,2022-08-05,1.434586883
2842,181,2022-08-06,1.342680693
2843,181,2022-08-07,2.0903759
2844,184,2022-08-01,3.181805794
2845,184,2022-08-02,2.866494232
2846,184,2022-08-03,3.13437964
2847,184,2022-08-04,3.225108984
2848,184,2022-08-05,3.971980089
2849,184,2022-08-06,5.071576137
2850,184,2022-08-07,3.355069948
133,185,2022-08-01,11.0
134,185,2022-08-02,11.0
135,185,2022-08-03,11.0
136,185,2022-08-04,11.0
137,185,2022-08-05,11.0
138,185,2022-08-06,11.0
139,185,2022-08-07,11.0
2851,188,2022-08-01,0.153654218
2852,188,2022-08-02,0.493933678
2853,188,2022-08-03,-0.624757171
2854,188,2022-08-04,0.471751451
2855,188,2022-08-05,0.362858295
2856,188,2022-08-06,1.264925957
2857,188,2022-08-07,0.766517639
3460,189,2022-08-06,1.0
3619,189,2022-08-01,1.0
3667,189,2022-08-03,1.0
3715,189,2022-08-05,1.0
3788,189,2022-08-07,1.0
3909,189,2022-08-02,1.0
4005,189,2022-08-04,1.0
2858,190,2022-08-01,0.712472731
2859,190,2022-08-02,0.647351185
2860,190,2022-08-03,0.845922488
2861,190,2022-08-04,1.136324591
2862,190,2022-08-05,1.379222353
2863,190,2022-08-06,1.80182422
2864,190,2022-08-07,1.036230986
2865,192,2022-08-01,1.13895677
2866,192,2022-08-02,0.001681501
2867,192,2022-08-03,0.080594632
2868,192,2022-08-04,1.283283413
2869,192,2022-08-05,1.346943166
2870,192,2022-08-06,0.071215868
2871,192,2022-08-07,0.904029338
1178,194,2022-08-01,7.0
1179,194,2022-08-02,7.0
1180,194,2022-08-03,7.0
1181,194,2022-08-04,7.0
1182,194,2022-08-05,7.0
1183,194,2022-08-06,7.0
1184,194,2022-08-07,7.0
3448,195,2022-08-07,7.0
3507,195,2022-08-02,7.0
3646,195,2022-08-04,7.0
3682,195,2022-08-06,7.0
3720,195,2022-08-01,7.0
3860,195,2022-08-03,7.0
3913,195,2022-08-05,7.0
210,197,2022-08-01,5.0
211,197,2022-08-02,5.0
212,197,2022-08-03,5.0
213,197,2022-08-04,5.0
214,197,2022-08-05,5.0
215,197,2022-08-06,5.0
216,197,2022-08-07,5.0
2872,199,2022-08-01,1.150104523
2873,199,2022-08-02,0.882244706
2874,199,2022-08-03,-0.29581964
2875,199,2022-08-04,0.626292229
2876,199,2022-08-05,1.92339623
2877,199,2022-08-06,1.937489986
2878,199,2022-08-07,2.378550529
2879,201,2022-08-01,7.0
2880,201,2022-08-02,7.0
2881,201,2022-08-03,7.0
2882,201,2022-08-04,7.0
2883,201,2022-08-05,7.0
2884,201,2022-08-06,7.0
2885,201,2022-08-07,7.0
3483,204,2022-08-06,1.0
3609,204,2022-08-01,1.0
3622,204,2022-08-03,1.0
3756,204,2022-08-05,1.0
3853,204,2022-08-07,1.0
3927,204,2022-08-02,1.0
3945,204,2022-08-04,1.0
3440,207,2022-08-03,1.0
3530,207,2022-08-05,1.0
3593,207,2022-08-07,1.0
3666,207,2022-08-02,1.0
3827,207,2022-08-04,1.0
3904,207,2022-08-01,1.0
3907,207,2022-08-06,1.0
2886,209,2022-08-01,0.228178896
2887,209,2022-08-02,1.87436378
2888,209,2022-08-03,2.166651509
2889,209,2022-08-04,1.899427333
2890,209,2022-08-05,2.170199713
2891,209,2022-08-06,2.14465937
2892,209,2022-08-07,0.802617595
3489,211,2022-08-02,4.0
3522,211,2022-08-04,4.0
3581,211,2022-08-06,4.0
3727,211,2022-08-01,4.0
3803,211,2022-08-03,4.0
3880,211,2022-08-05,4.0
3959,211,2022-08-07,4.0
3519,212,2022-08-07,1.0
3600,212,2022-08-02,1.0
3717,212,2022-08-04,1.0
3760,212,2022-08-06,1.0
3862,212,2022-08-01,1.0
3964,212,2022-08-03,1.0
3988,212,2022-08-05,1.0
2893,214,2022-08-01,1.234657781
2894,214,2022-08-02,1.205818922
2895,214,2022-08-03,1.2508234
2896,214,2022-08-04,1.272203936
2897,214,2022-08-05,1.773366206
2898,214,2022-08-06,2.267654335
2899,214,2022-08-07,1.691056598
3492,216,2022-08-07,5.0
3538,216,2022-08-02,5.0
3724,216,2022-08-04,5.0
3749,216,2022-08-06,5.0
3792,216,2022-08-01,5.0
3869,216,2022-08-03,5.0
3997,216,2022-08-05,5.0
2263,217,2022-08-01,2.0
2264,217,2022-08-02,2.0
2265,217,2022-08-03,2.0
2266,217,2022-08-04,2.0
2267,217,2022-08-05,2.0
2268,217,2022-08-06,2.0
2269,217,2022-08-07,2.0
2900,221,2022-08-01,1.0
2901,221,2022-08-02,1.0
2902,221,2022-08-03,1.0
2903,221,2022-08-04,1.0
2904,221,2022-08-05,1.0
2905,221,2022-08-06,1.0
2906,221,2022-08-07,1.0
2907,227,2022-08-01,2.349717447
2908,227,2022-08-02,2.080925657
2909,227,2022-08-03,1.821208047
2910,227,2022-08-04,2.550429808
2911,227,2022-08-05,2.922119656
2912,227,2022-08-06,3.924907881
2913,227,2022-08-07,3.500369784
2914,229,2022-08-01,1.487516071
2915,229,2022-08-02,0.538896859
2916,229,2022-08-03,0.520485216
2917,229,2022-08-04,1.225977635
2918,229,2022-08-05,1.981600599
2919,229,2022-08-06,3.878670772
2920,229,2022-08-07,2.659980811
3525,230,2022-08-01,10.0
3557,230,2022-08-03,10.0
3651,230,2022-08-05,10.0
3702,230,2022-08-07,10.0
3789,230,2022-08-02,10.0
3910,230,2022-08-04,10.0
3916,230,2022-08-06,10.0
112,231,2022-08-01,1.974971056
113,231,2022-08-02,1.117435694
114,231,2022-08-03,2.107090235
115,231,2022-08-04,1.111647367
116,231,2022-08-05,0.620696545
117,231,2022-08-06,2.355857372
118,231,2022-08-07,1.653443336
1164,235,2022-08-01,3.062263585
1165,235,2022-08-02,2.539781089
1166,235,2022-08-03,3.96988233
1167,235,2022-08-04,2.68593189
1168,235,2022-08-05,4.472357912
1169,235,2022-08-06,5.452398445
1170,235,2022-08-07,4.137983534
3471,236,2022-08-06,1.0
3524,236,2022-08-01,1.0
3564,236,2022-08-03,1.0
3716,236,2022-08-05,1.0
3771,236,2022-08-07,1.0
3844,236,2022-08-02,1.0
3861,236,2022-08-04,1.0
3487,237,2022-08-02,2.0
3627,237,2022-08-04,2.0
3677,237,2022-08-06,2.0
3758,237,2022-08-01,2.0
3850,237,2022-08-03,2.0
3876,237,2022-08-05,2.0
4002,237,2022-08-07,2.0
3452,238,2022-08-02,2.0
3485,238,2022-08-04,2.0
3582,238,2022-08-06,2.0
3680,238,2022-08-01,2.0
3762,238,2022-08-03,2.0
3809,238,2022-08-05,2.0
3891,238,2022-08-07,2.0
2921,239,2022-08-01,0.1652973
2922,239,2022-08-02,0.601758341
2923,239,2022-08-03,2.016904647
2924,239,2022-08-04,1.678747742
2925,239,2022-08-05,2.015842801
2926,239,2022-08-06,-0.387647788
2927,239,2022-08-07,-0.218946874
2928,241,2022-08-01,1.762926579
2929,241,2022-08-02,1.314419508
2930,241,2022-08-03,2.354402542
2931,241,2022-08-04,2.391988754
2932,241,2022-08-05,3.185225487
2933,241,2022-08-06,3.506940603
2934,241,2022-08-07,1.618881702
3517,242,2022-08-05,4.0
3569,242,2022-08-07,4.0
3649,242,2022-08-02,4.0
3736,242,2022-08-04,4.0
3854,242,2022-08-06,4.0
3903,242,2022-08-01,4.0
4004,242,2022-08-03,4.0
3505,243,2022-08-02,3.0
3535,243,2022-08-04,3.0
3637,243,2022-08-06,3.0
3774,243,2022-08-03,3.0
3776,243,2022-08-01,3.0
3857,243,2022-08-05,3.0
3948,243,2022-08-07,3.0
2935,244,2022-08-01,4.0
2936,244,2022-08-02,4.0
2937,244,2022-08-03,4.0
2938,244,2022-08-04,4.0
2939,244,2022-08-05,4.0
2940,244,2022-08-06,4.0
2941,244,2022-08-07,4.0
2942,245,2022-08-01,1.0
2943,245,2022-08-02,1.0
2944,245,2022-08-03,1.0
2945,245,2022-08-04,1.0
2946,245,2022-08-05,1.0
2947,245,2022-08-06,1.0
2948,245,2022-08-07,1.0
2949,248,2022-08-01,0.0
2950,248,2022-08-02,0.0
2951,248,2022-08-03,0.0
2952,248,2022-08-04,0.0
2953,248,2022-08-05,0.0
2954,248,2022-08-06,0.0
2955,248,2022-08-07,0.0
2956,249,2022-08-01,1.246636938
2957,249,2022-08-02,0.52241874
2958,249,2022-08-03,1.210703592
2959,249,2022-08-04,-0.016406935
2960,249,2022-08-05,1.224407437
2961,249,2022-08-06,1.086588834
2962,249,2022-08-07,-0.058968638
2963,250,2022-08-01,5.286294138
2964,250,2022-08-02,4.722803831
2965,250,2022-08-03,4.526947512
2966,250,2022-08-04,5.810360703
2967,250,2022-08-05,8.098561744
2968,250,2022-08-06,12.04683803
2969,250,2022-08-07,7.807809065
2970,252,2022-08-01,24.0
2971,252,2022-08-02,24.0
2972,252,2022-08-03,24.0
2973,252,2022-08-04,24.0
2974,252,2022-08-05,24.0
2975,252,2022-08-06,24.0
2976,252,2022-08-07,24.0
3455,253,2022-08-02,8.0
3545,253,2022-08-04,8.0
3562,253,2022-08-06,8.0
3676,253,2022-08-01,8.0
3763,253,2022-08-03,8.0
3817,253,2022-08-05,8.0
3915,253,2022-08-07,8.0
1393,254,2022-08-01,0.0
1394,254,2022-08-02,0.0
1395,254,2022-08-03,0.0
1396,254,2022-08-04,0.0
1397,254,2022-08-05,0.0
1398,254,2022-08-06,0.0
1399,254,2022-08-07,0.0
2977,258,2022-08-01,0.004922748
2978,258,2022-08-02,0.369771272
2979,258,2022-08-03,0.3843835
2980,258,2022-08-04,-0.182285339
2981,258,2022-08-05,0.361925185
2982,258,2022-08-06,-0.08586514
2983,258,2022-08-07,0.870480657
2984,262,2022-08-01,0.69095012
2985,262,2022-08-02,0.748262093
2986,262,2022-08-03,0.666200467
2987,262,2022-08-04,1.168887758
2988,262,2022-08-05,1.297178824
2989,262,2022-08-06,1.798889215
2990,262,2022-08-07,1.303086707
1900,263,2022-08-01,5.0
1901,263,2022-08-02,5.0
1902,263,2022-08-03,5.0
1903,263,2022-08-04,5.0
1904,263,2022-08-05,5.0
1905,263,2022-08-06,5.0
1906,263,2022-08-07,5.0
2991,264,2022-08-01,1.933175564
2992,264,2022-08-02,1.220134974
2993,264,2022-08-03,0.159326881
2994,264,2022-08-04,0.543861866
2995,264,2022-08-05,0.999034703
2996,264,2022-08-06,0.269294888
2997,264,2022-08-07,0.842664838
1907,265,2022-08-01,3.598795555
1908,265,2022-08-02,2.931353266
1909,265,2022-08-03,3.7310585
1910,265,2022-08-04,3.808761205
1911,265,2022-08-05,4.497207476
1912,265,2022-08-06,5.146205407
1913,265,2022-08-07,5.554441118
2998,266,2022-08-01,1.850510321
2999,266,2022-08-02,1.691897168
3000,266,2022-08-03,0.882769117
3001,266,2022-08-04,0.695949798
3002,266,2022-08-05,1.585766305
3003,266,2022-08-06,2.426287669
3004,266,2022-08-07,1.172145128
1914,270,2022-08-01,10.0
1915,270,2022-08-02,10.0
1916,270,2022-08-03,10.0
1917,270,2022-08-04,10.0
1918,270,2022-08-05,10.0
1919,270,2022-08-06,10.0
1920,270,2022-08-07,10.0
1921,271,2022-08-01,20.0
1922,271,2022-08-02,25.5
1923,271,2022-08-03,25.5
1924,271,2022-08-04,34.0
1925,271,2022-08-05,36.5
1926,271,2022-08-06,39.0
1927,271,2022-08-07,25.5
1725,274,2022-08-01,7.0
1726,274,2022-08-02,7.0
1727,274,2022-08-03,7.0
1728,274,2022-08-04,7.0
1729,274,2022-08-05,7.0
1730,274,2022-08-06,7.0
1731,274,2022-08-07,7.0
3005,275,2022-08-01,1.724534392
3006,275,2022-08-02,2.175061703
3007,275,2022-08-03,1.343279362
3008,275,2022-08-04,2.359510899
3009,275,2022-08-05,1.786855578
3010,275,2022-08-06,-0.311753631
3011,275,2022-08-07,0.215881586
3012,277,2022-08-01,0.325571951
3013,277,2022-08-02,0.325259012
3014,277,2022-08-03,0.360517334
3015,277,2022-08-04,0.664490715
3016,277,2022-08-05,1.378583562
3017,277,2022-08-06,2.278360105
3018,277,2022-08-07,0.902775496
1942,278,2022-08-01,3.0
1943,278,2022-08-02,3.0
1944,278,2022-08-03,3.0
1945,278,2022-08-04,3.0
1946,278,2022-08-05,3.0
1947,278,2022-08-06,3.0
1948,278,2022-08-07,3.0
1949,279,2022-08-01,0.0
1950,279,2022-08-02,0.0
1951,279,2022-08-03,0.0
1952,279,2022-08-04,0.0
1953,279,2022-08-05,0.0
1954,279,2022-08-06,0.0
1955,279,2022-08-07,0.0
3019,283,2022-08-01,3.698761157
3020,283,2022-08-02,3.358789578
3021,283,2022-08-03,1.54934573
3022,283,2022-08-04,1.653661678
3023,283,2022-08-05,4.114634384
3024,283,2022-08-06,5.011644525
3025,283,2022-08-07,1.069916438
266,286,2022-08-01,3.405281781
267,286,2022-08-02,4.18494358
268,286,2022-08-03,6.22897487
269,286,2022-08-04,3.34793602
270,286,2022-08-05,5.511035422
271,286,2022-08-06,5.361270077
272,286,2022-08-07,4.765237252
273,287,2022-08-01,6.0
274,287,2022-08-02,6.0
275,287,2022-08-03,6.0
276,287,2022-08-04,6.0
277,287,2022-08-05,6.0
278,287,2022-08-06,6.0
279,287,2022-08-07,6.0
3536,289,2022-08-06,0.0
3577,289,2022-08-01,0.0
3663,289,2022-08-03,0.0
3773,289,2022-08-05,0.0
3836,289,2022-08-07,0.0
3929,289,2022-08-02,0.0
3982,289,2022-08-04,0.0
189,290,2022-08-01,3.0
190,290,2022-08-02,3.0
191,290,2022-08-03,3.0
192,290,2022-08-04,3.0
193,290,2022-08-05,3.0
194,290,2022-08-06,3.0
195,290,2022-08-07,3.0
3026,293,2022-08-01,3.357462406
3027,293,2022-08-02,1.134231925
3028,293,2022-08-03,0.334780335
3029,293,2022-08-04,0.537358642
3030,293,2022-08-05,1.383894682
3031,293,2022-08-06,1.945456982
3032,293,2022-08-07,0.950670481
3454,297,2022-08-05,2.0
3498,297,2022-08-07,2.0
3552,297,2022-08-02,2.0
3695,297,2022-08-04,2.0
3739,297,2022-08-06,2.0
3810,297,2022-08-01,2.0
3893,297,2022-08-03,2.0
308,299,2022-08-01,2.0
309,299,2022-08-02,2.0
310,299,2022-08-03,2.0
311,299,2022-08-04,2.0
312,299,2022-08-05,2.0
313,299,2022-08-06,2.0
314,299,2022-08-07,2.0
3033,302,2022-08-01,0.039152145
3034,302,2022-08-02,1.035315752
3035,302,2022-08-03,1.021108389
3036,302,2022-08-04,0.513277411
3037,302,2022-08-05,0.885111332
3038,302,2022-08-06,1.061762214
3039,302,2022-08-07,0.542351365
3040,305,2022-08-01,1.049149345
3041,305,2022-08-02,0.863879283
3042,305,2022-08-03,0.821286435
3043,305,2022-08-04,1.254378678
3044,305,2022-08-05,1.804107287
3045,305,2022-08-06,2.663717907
3046,305,2022-08-07,1.590509203
63,307,2022-08-01,2.0
64,307,2022-08-02,2.0
65,307,2022-08-03,2.0
66,307,2022-08-04,2.0
67,307,2022-08-05,2.0
68,307,2022-08-06,2.0
69,307,2022-08-07,2.0
3479,310,2022-08-05,0.0
3527,310,2022-08-07,0.0
3626,310,2022-08-02,0.0
3719,310,2022-08-04,0.0
3807,310,2022-08-06,0.0
3887,310,2022-08-01,0.0
3957,310,2022-08-03,0.0
3458,313,2022-08-01,0.0
3537,313,2022-08-03,0.0
3575,313,2022-08-05,0.0
3718,313,2022-08-07,0.0
3775,313,2022-08-02,0.0
3858,313,2022-08-04,0.0
3935,313,2022-08-06,0.0
3548,317,2022-08-07,0.0
3611,317,2022-08-02,0.0
3659,317,2022-08-04,0.0
3794,317,2022-08-06,0.0
3856,317,2022-08-01,0.0
3955,317,2022-08-03,0.0
3969,317,2022-08-05,0.0
3459,321,2022-08-07,0.0
3509,321,2022-08-02,0.0
3607,321,2022-08-04,0.0
3690,321,2022-08-06,0.0
3815,321,2022-08-01,0.0
3846,321,2022-08-03,0.0
4000,321,2022-08-05,0.0
3047,324,2022-08-01,7.095431973
3048,324,2022-08-02,4.741319409
3049,324,2022-08-03,5.516547054
3050,324,2022-08-04,6.112475695
3051,324,2022-08-05,9.815424082
3052,324,2022-08-06,14.75348969
3053,324,2022-08-07,7.919483362
3054,325,2022-08-01,4.454689026
3055,325,2022-08-02,4.012922287
3056,325,2022-08-03,2.903131485
3057,325,2022-08-04,3.024484158
3058,325,2022-08-05,3.86127305
3059,325,2022-08-06,3.716900587
3060,325,2022-08-07,4.43156147
3061,326,2022-08-01,4.939692893
3062,326,2022-08-02,4.903384658
3063,326,2022-08-03,5.608967419
3064,326,2022-08-04,6.15356341
3065,326,2022-08-05,9.959817438
3066,326,2022-08-06,13.52491275
3067,326,2022-08-07,9.405169074
3068,328,2022-08-01,1.0
3069,328,2022-08-02,1.0
3070,328,2022-08-03,1.0
3071,328,2022-08-04,1.0
3072,328,2022-08-05,1.0
3073,328,2022-08-06,1.0
3074,328,2022-08-07,1.0
3075,330,2022-08-01,5.0
3076,330,2022-08-02,5.0
3077,330,2022-08-03,5.0
3078,330,2022-08-04,5.0
3079,330,2022-08-05,5.0
3080,330,2022-08-06,5.0
3081,330,2022-08-07,5.0
3082,335,2022-08-01,6.593177653
3083,335,2022-08-02,4.884377695
3084,335,2022-08-03,4.80349792
3085,335,2022-08-04,4.67306692
3086,335,2022-08-05,4.94941292
3087,335,2022-08-06,4.934561937
3088,335,2022-08-07,6.028096309
3089,336,2022-08-01,0.570585966
3090,336,2022-08-02,3.110989571
3091,336,2022-08-03,2.828359842
3092,336,2022-08-04,1.385473967
3093,336,2022-08-05,1.503428459
3094,336,2022-08-06,-0.071510315
3095,336,2022-08-07,1.637049913
3096,337,2022-08-01,1.0
3097,337,2022-08-02,1.0
3098,337,2022-08-03,1.0
3099,337,2022-08-04,1.0
3100,337,2022-08-05,1.0
3101,337,2022-08-06,1.0
3102,337,2022-08-07,1.0
3473,339,2022-08-05,0.0
3514,339,2022-08-07,0.0
3689,339,2022-08-02,0.0
3748,339,2022-08-04,0.0
3798,339,2022-08-06,0.0
3875,339,2022-08-01,0.0
3977,339,2022-08-03,0.0
3103,340,2022-08-01,0.661114514
3104,340,2022-08-02,-0.297843158
3105,340,2022-08-03,0.43681401
3106,340,2022-08-04,0.630378604
3107,340,2022-08-05,1.127429366
3108,340,2022-08-06,1.427559614
3109,340,2022-08-07,0.447733283
3539,342,2022-08-02,12.0
3603,342,2022-08-04,12.0
3735,342,2022-08-06,12.0
3784,342,2022-08-01,12.0
3834,342,2022-08-03,12.0
3966,342,2022-08-05,12.0
4003,342,2022-08-07,12.0
3110,344,2022-08-01,1.0
3111,344,2022-08-02,1.0
3112,344,2022-08-03,1.0
3113,344,2022-08-04,1.0
3114,344,2022-08-05,1.0
3115,344,2022-08-06,1.0
3116,344,2022-08-07,1.0
3117,346,2022-08-01,2.0
3118,346,2022-08-02,2.0
3119,346,2022-08-03,2.0
3120,346,2022-08-04,2.0
3121,346,2022-08-05,2.0
3122,346,2022-08-06,2.0
3123,346,2022-08-07,2.0
3497,347,2022-08-06,3.0
3598,347,2022-08-01,3.0
3635,347,2022-08-03,3.0
3722,347,2022-08-05,3.0
3764,347,2022-08-07,3.0
3956,347,2022-08-02,3.0
3995,347,2022-08-04,3.0
3512,348,2022-08-01,1.0
3620,348,2022-08-05,1.0
3628,348,2022-08-03,1.0
3742,348,2022-08-07,1.0
3881,348,2022-08-02,1.0
3937,348,2022-08-06,1.0
3954,348,2022-08-04,1.0
3520,350,2022-08-05,7.0
3559,350,2022-08-07,7.0
3687,350,2022-08-02,7.0
3786,350,2022-08-04,7.0
3802,350,2022-08-06,7.0
3960,350,2022-08-01,7.0
3992,350,2022-08-03,7.0
3124,351,2022-08-01,5.0
3125,351,2022-08-02,5.0
3126,351,2022-08-03,5.0
3127,351,2022-08-04,5.0
3128,351,2022-08-05,5.0
3129,351,2022-08-06,5.0
3130,351,2022-08-07,5.0
3131,352,2022-08-01,-1.928099737
3132,352,2022-08-02,0.349520626
3133,352,2022-08-03,2.050657539
3134,352,2022-08-04,1.252369944
3135,352,2022-08-05,1.33661268
3136,352,2022-08-06,2.250379775
3137,352,2022-08-07,0.258590891
3138,353,2022-08-01,7.08668381
3139,353,2022-08-02,6.114617432
3140,353,2022-08-03,6.516001564
3141,353,2022-08-04,7.261573803
3142,353,2022-08-05,8.827392124
3143,353,2022-08-06,10.70051875
3144,353,2022-08-07,8.057029611
3503,354,2022-08-04,3.0
3591,354,2022-08-06,3.0
3616,354,2022-08-01,3.0
3737,354,2022-08-03,3.0
3847,354,2022-08-05,3.0
3894,354,2022-08-07,3.0
3990,354,2022-08-02,3.0
3145,356,2022-08-01,7.2814248
3146,356,2022-08-02,4.629169031
3147,356,2022-08-03,4.727482433
3148,356,2022-08-04,5.672789139
3149,356,2022-08-05,8.527971616
3150,356,2022-08-06,11.81436652
3151,356,2022-08-07,7.613654499
3152,357,2022-08-01,0.0
3153,357,2022-08-02,0.0
3154,357,2022-08-03,0.0
3155,357,2022-08-04,0.0
3156,357,2022-08-05,0.0
3157,357,2022-08-06,0.0
3158,357,2022-08-07,0.0
3463,359,2022-08-02,2.0
3540,359,2022-08-04,2.0
3608,359,2022-08-06,2.0
3685,359,2022-08-01,2.0
3730,359,2022-08-03,2.0
3837,359,2022-08-05,2.0
3906,359,2022-08-07,2.0
3159,360,2022-08-01,2.0
3160,360,2022-08-02,2.0
3161,360,2022-08-03,2.0
3162,360,2022-08-04,2.0
3163,360,2022-08-05,2.0
3164,360,2022-08-06,2.0
3165,360,2022-08-07,2.0
3166,361,2022-08-01,1.998899091
3167,361,2022-08-02,3.59685299
3168,361,2022-08-03,1.211863192
3169,361,2022-08-04,1.282694312
3170,361,2022-08-05,1.635462566
3171,361,2022-08-06,1.231584031
3172,361,2022-08-07,-0.690989497
3173,363,2022-08-01,1.0
3174,363,2022-08-02,1.0
3175,363,2022-08-03,1.0
3176,363,2022-08-04,1.0
3177,363,2022-08-05,1.0
3178,363,2022-08-06,1.0
3179,363,2022-08-07,1.0
3180,364,2022-08-01,3.932328608
3181,364,2022-08-02,3.521609037
3182,364,2022-08-03,3.568297778
3183,364,2022-08-04,3.978779462
3184,364,2022-08-05,4.895371368
3185,364,2022-08-06,6.149815934
3186,364,2022-08-07,4.128539868
3187,365,2022-08-01,0.815112006
3188,365,2022-08-02,0.85801739
3189,365,2022-08-03,1.082157286
3190,365,2022-08-04,0.717440043
3191,365,2022-08-05,0.78981309
3192,365,2022-08-06,1.069612146
3193,365,2022-08-07,0.868244604
3449,367,2022-08-07,0.0
3584,367,2022-08-02,0.0
3668,367,2022-08-04,0.0
3725,367,2022-08-06,0.0
3843,367,2022-08-01,0.0
3914,367,2022-08-03,0.0
3991,367,2022-08-05,0.0
3462,368,2022-08-03,0.0
3508,368,2022-08-05,0.0
3630,368,2022-08-07,0.0
3714,368,2022-08-02,0.0
3820,368,2022-08-06,0.0
3825,368,2022-08-04,0.0
3943,368,2022-08-01,0.0
3510,369,2022-08-03,0.0
3518,369,2022-08-05,0.0
3640,369,2022-08-07,0.0
3743,369,2022-08-02,0.0
3772,369,2022-08-04,0.0
3883,369,2022-08-06,0.0
3983,369,2022-08-01,0.0
3523,371,2022-08-06,0.0
3639,371,2022-08-01,0.0
3752,371,2022-08-03,0.0
3783,371,2022-08-05,0.0
3824,371,2022-08-07,0.0
3947,371,2022-08-02,0.0
4010,371,2022-08-04,0.0
3561,372,2022-08-07,1.0
3653,372,2022-08-02,1.0
3700,372,2022-08-04,1.0
3830,372,2022-08-06,1.0
3874,372,2022-08-01,1.0
3951,372,2022-08-03,1.0
4009,372,2022-08-05,1.0
3445,376,2022-08-01,4.0
3541,376,2022-08-03,4.0
3634,376,2022-08-05,4.0
3733,376,2022-08-07,4.0
3769,376,2022-08-02,4.0
3866,376,2022-08-04,4.0
3976,376,2022-08-06,4.0
3194,378,2022-08-01,2.004040241
3195,378,2022-08-02,2.970804214
3196,378,2022-08-03,-0.222037315
3197,378,2022-08-04,1.766625881
3198,378,2022-08-05,0.86830163
3199,378,2022-08-06,5.05024004
3200,378,2022-08-07,1.787353992
3461,379,2022-08-03,1.0
3572,379,2022-08-05,1.0
3642,379,2022-08-07,1.0
3787,379,2022-08-02,1.0
3801,379,2022-08-04,1.0
3908,379,2022-08-06,1.0
3980,379,2022-08-01,1.0
3201,380,2022-08-01,0.545717071
3202,380,2022-08-02,0.386932345
3203,380,2022-08-03,0.291406627
3204,380,2022-08-04,0.619489037
3205,380,2022-08-05,1.126648289
3206,380,2022-08-06,1.965732358
3207,380,2022-08-07,0.979850336
3208,381,2022-08-01,13.32024597
3209,381,2022-08-02,11.14978601
3210,381,2022-08-03,10.65485708
3211,381,2022-08-04,12.60145064
3212,381,2022-08-05,13.92394829
3213,381,2022-08-06,19.16508322
3214,381,2022-08-07,13.11478929
3215,382,2022-08-01,18.77200317
3216,382,2022-08-02,16.0516758
3217,382,2022-08-03,15.06240654
3218,382,2022-08-04,18.44392586
3219,382,2022-08-05,19.2532444
3220,382,2022-08-06,28.31118202
3221,382,2022-08-07,21.91328621
3468,385,2022-08-01,1.0
3490,385,2022-08-03,1.0
3583,385,2022-08-05,1.0
3644,385,2022-08-07,1.0
3804,385,2022-08-04,1.0
3813,385,2022-08-02,1.0
3922,385,2022-08-06,1.0
3474,387,2022-08-03,0.0
3570,387,2022-08-05,0.0
3596,387,2022-08-07,0.0
3699,387,2022-08-02,0.0
3795,387,2022-08-04,0.0
3888,387,2022-08-06,0.0
3971,387,2022-08-01,0.0
3222,388,2022-08-01,2.015681743
3223,388,2022-08-02,2.192307268
3224,388,2022-08-03,2.188045212
3225,388,2022-08-04,2.500496835
3226,388,2022-08-05,3.210850995
3227,388,2022-08-06,5.059511516
3228,388,2022-08-07,3.492257081
3229,391,2022-08-01,1.32882452
3230,391,2022-08-02,-0.113353252
3231,391,2022-08-03,1.691396713
3232,391,2022-08-04,0.798080325
3233,391,2022-08-05,2.275911093
3234,391,2022-08-06,1.909812331
3235,391,2022-08-07,2.414418221
3236,392,2022-08-01,6.23262337
3237,392,2022-08-02,5.80079044
3238,392,2022-08-03,5.807242626
3239,392,2022-08-04,5.67196127
3240,392,2022-08-05,5.50696183
3241,392,2022-08-06,6.40515246
3242,392,2022-08-07,5.158597323
3243,393,2022-08-01,0.255535945
3244,393,2022-08-02,0.106464187
3245,393,2022-08-03,0.216969441
3246,393,2022-08-04,0.367953881
3247,393,2022-08-05,0.721289517
3248,393,2022-08-06,1.215834561
3249,393,2022-08-07,0.695180756
3457,396,2022-08-07,3.0
3556,396,2022-08-02,3.0
3599,396,2022-08-04,3.0
3670,396,2022-08-06,3.0
3828,396,2022-08-03,3.0
3833,396,2022-08-01,3.0
3978,396,2022-08-05,3.0
3250,399,2022-08-01,6.878253267
3251,399,2022-08-02,7.049439405
3252,399,2022-08-03,3.522676817
3253,399,2022-08-04,3.202522468
3254,399,2022-08-05,3.163873958
3255,399,2022-08-06,5.911683622
3256,399,2022-08-07,5.62595365
2145,403,2022-08-01,4.0
2146,403,2022-08-02,4.0
2147,403,2022-08-03,4.0
2148,403,2022-08-04,4.0
2149,403,2022-08-05,4.0
2150,403,2022-08-06,4.0
2151,403,2022-08-07,4.0
3257,404,2022-08-01,1.838733704
3258,404,2022-08-02,1.805411527
3259,404,2022-08-03,2.005421959
3260,404,2022-08-04,1.838757337
3261,404,2022-08-05,2.205445786
3262,404,2022-08-06,1.772075673
3263,404,2022-08-07,2.438763879
3264,405,2022-08-01,1.770784977
3265,405,2022-08-02,0.448750978
3266,405,2022-08-03,0.662686186
3267,405,2022-08-04,0.434732184
3268,405,2022-08-05,0.502569337
3269,405,2022-08-06,0.849182958
3270,405,2022-08-07,1.814445295
1578,412,2022-08-01,3.0
1579,412,2022-08-02,3.0
1580,412,2022-08-03,2.0
1581,412,2022-08-04,4.0
1582,412,2022-08-05,3.0
1583,412,2022-08-06,6.45
1584,412,2022-08-07,4.45
2138,416,2022-08-01,11.0
2139,416,2022-08-02,11.0
2140,416,2022-08-03,11.0
2141,416,2022-08-04,11.0
2142,416,2022-08-05,11.0
2143,416,2022-08-06,11.0
2144,416,2022-08-07,11.0
2249,417,2022-08-01,0.0
2250,417,2022-08-02,0.0
2251,417,2022-08-03,0.0
2252,417,2022-08-04,0.0
2253,417,2022-08-05,0.0
2254,417,2022-08-06,0.0
2255,417,2022-08-07,0.0
3271,419,2022-08-01,0.0
3272,419,2022-08-02,0.0
3273,419,2022-08-03,0.0
3274,419,2022-08-04,0.0
3275,419,2022-08-05,0.0
3276,419,2022-08-06,0.0
3277,419,2022-08-07,0.0
3278,420,2022-08-01,6.0
3279,420,2022-08-02,6.0
3280,420,2022-08-03,6.0
3281,420,2022-08-04,6.0
3282,420,2022-08-05,6.0
3283,420,2022-08-06,6.0
3284,420,2022-08-07,6.0
3499,421,2022-08-02,3.0
3566,421,2022-08-04,3.0
3588,421,2022-08-06,3.0
3744,421,2022-08-01,3.0
3808,421,2022-08-03,3.0
3831,421,2022-08-05,3.0
3925,421,2022-08-07,3.0
3285,422,2022-08-01,0.331528068
3286,422,2022-08-02,0.576435989
3287,422,2022-08-03,0.566476844
3288,422,2022-08-04,0.445886781
3289,422,2022-08-05,0.625557717
3290,422,2022-08-06,0.761549045
3291,422,2022-08-07,0.516175313
3476,426,2022-08-03,0.0
3629,426,2022-08-05,0.0
3664,426,2022-08-07,0.0
3710,426,2022-08-02,0.0
3845,426,2022-08-04,0.0
3930,426,2022-08-06,0.0
3974,426,2022-08-01,0.0
3451,427,2022-08-07,28.0
3550,427,2022-08-02,28.0
3617,427,2022-08-04,28.0
3732,427,2022-08-06,28.0
3800,427,2022-08-01,28.0
3911,427,2022-08-03,28.0
3936,427,2022-08-05,28.0
3475,430,2022-08-01,125.0
3759,430,2022-08-02,118.0
3526,430,2022-08-03,100.0
3877,430,2022-08-04,92.0
3654,430,2022-08-05,94.0
3934,430,2022-08-06,65.0
3671,430,2022-08-07,53.0
3292,431,2022-08-01,2.050571086
3293,431,2022-08-02,2.133508483
3294,431,2022-08-03,1.551185354
3295,431,2022-08-04,1.802119924
3296,431,2022-08-05,2.468882966
3297,431,2022-08-06,2.051926121
3298,431,2022-08-07,3.802439698
3529,433,2022-08-05,5.0
3555,433,2022-08-07,5.0
3613,433,2022-08-02,5.0
3785,433,2022-08-04,5.0
3805,433,2022-08-06,5.0
3941,433,2022-08-01,5.0
3949,433,2022-08-03,5.0
3299,435,2022-08-01,9.04873085
3300,435,2022-08-02,6.523106098
3301,435,2022-08-03,6.363463879
3302,435,2022-08-04,5.983590603
3303,435,2022-08-05,4.443013668
3304,435,2022-08-06,6.74657011
3305,435,2022-08-07,4.794533253
3306,436,2022-08-01,2.560161829
3307,436,2022-08-02,2.06298542
3308,436,2022-08-03,1.722979784
3309,436,2022-08-04,2.22028327
3310,436,2022-08-05,2.424498796
3311,436,2022-08-06,1.011845112
3312,436,2022-08-07,2.664669514
2326,437,2022-08-01,0.0
2327,437,2022-08-02,0.0
2328,437,2022-08-03,0.0
2329,437,2022-08-04,0.0
2330,437,2022-08-05,0.0
2331,437,2022-08-06,0.0
2332,437,2022-08-07,0.0
3313,440,2022-08-01,0.0
3314,440,2022-08-02,0.0
3315,440,2022-08-03,0.0
3316,440,2022-08-04,0.0
3317,440,2022-08-05,0.0
3318,440,2022-08-06,0.0
3319,440,2022-08-07,0.0
3320,441,2022-08-01,-2.014095696
3321,441,2022-08-02,-0.521651008
3322,441,2022-08-03,1.935170769
3323,441,2022-08-04,2.134997399
3324,441,2022-08-05,-0.129183534
3325,441,2022-08-06,1.043484803
3326,441,2022-08-07,-0.170775809
3327,443,2022-08-01,5.0
3328,443,2022-08-02,5.0
3329,443,2022-08-03,5.0
3330,443,2022-08-04,5.0
3331,443,2022-08-05,5.0
3332,443,2022-08-06,5.0
3333,443,2022-08-07,5.0
105,447,2022-08-01,1.0
106,447,2022-08-02,1.0
107,447,2022-08-03,1.0
108,447,2022-08-04,1.0
109,447,2022-08-05,1.0
110,447,2022-08-06,1.0
111,447,2022-08-07,1.0
3464,449,2022-08-04,1.0
3547,449,2022-08-06,1.0
3633,449,2022-08-01,1.0
3669,449,2022-08-03,1.0
3782,449,2022-08-05,1.0
3812,449,2022-08-07,1.0
3962,449,2022-08-02,1.0
3482,453,2022-08-02,0.0
3558,453,2022-08-04,0.0
3615,453,2022-08-06,0.0
3770,453,2022-08-01,0.0
3823,453,2022-08-03,0.0
3899,453,2022-08-05,0.0
3970,453,2022-08-07,0.0
3446,454,2022-08-05,8.0
3480,454,2022-08-07,8.0
3585,454,2022-08-02,8.0
3681,454,2022-08-04,8.0
3734,454,2022-08-06,8.0
3839,454,2022-08-01,8.0
3939,454,2022-08-03,8.0
3466,455,2022-08-01,3.0
3589,455,2022-08-03,3.0
3650,455,2022-08-05,3.0
3706,455,2022-08-07,3.0
3777,455,2022-08-02,3.0
3882,455,2022-08-04,3.0
3968,455,2022-08-06,3.0
3484,456,2022-08-07,2.0
3595,456,2022-08-02,2.0
3655,456,2022-08-04,2.0
3723,456,2022-08-06,2.0
3835,456,2022-08-01,2.0
3919,456,2022-08-03,2.0
3985,456,2022-08-05,2.0
3334,457,2022-08-01,1.072610908
3335,457,2022-08-02,1.021737837
3336,457,2022-08-03,0.821303446
3337,457,2022-08-04,0.832870717
3338,457,2022-08-05,1.202442087
3339,457,2022-08-06,1.278901985
3340,457,2022-08-07,0.926492583
3341,458,2022-08-01,2.880317147
3342,458,2022-08-02,2.69860219
3343,458,2022-08-03,2.291657021
3344,458,2022-08-04,3.354321076
3345,458,2022-08-05,2.919228183
3346,458,2022-08-06,3.768169283
3347,458,2022-08-07,3.867425492
3528,461,2022-08-03,0.0
3544,461,2022-08-05,0.0
3618,461,2022-08-07,0.0
3766,461,2022-08-02,0.0
3819,461,2022-08-04,0.0
3863,461,2022-08-06,0.0
3975,461,2022-08-01,0.0
3516,462,2022-08-03,0.0
3601,462,2022-08-05,0.0
3691,462,2022-08-07,0.0
3721,462,2022-08-02,0.0
3868,462,2022-08-04,0.0
3958,462,2022-08-06,0.0
3979,462,2022-08-01,0.0
3348,463,2022-08-01,4.0
3349,463,2022-08-02,4.0
3350,463,2022-08-03,4.0
3351,463,2022-08-04,4.0
3352,463,2022-08-05,4.0
3353,463,2022-08-06,4.0
3354,463,2022-08-07,4.0
3355,464,2022-08-01,1.0
3356,464,2022-08-02,1.0
3357,464,2022-08-03,1.0
3358,464,2022-08-04,1.0
3359,464,2022-08-05,1.0
3360,464,2022-08-06,1.0
3361,464,2022-08-07,1.0
3362,465,2022-08-01,2.565825672
3363,465,2022-08-02,2.070749358
3364,465,2022-08-03,2.192806928
3365,465,2022-08-04,2.30232634
3366,465,2022-08-05,2.481509335
3367,465,2022-08-06,2.841092313
3368,465,2022-08-07,2.360583639
3369,466,2022-08-01,6.0
3370,466,2022-08-02,6.0
3371,466,2022-08-03,6.0
3372,466,2022-08-04,6.0
3373,466,2022-08-05,6.0
3374,466,2022-08-06,6.0
3375,466,2022-08-07,6.0
3467,467,2022-08-02,0.0
3546,467,2022-08-04,0.0
3567,467,2022-08-06,0.0
3709,467,2022-08-01,0.0
3791,467,2022-08-03,0.0
3912,467,2022-08-07,0.0
3924,467,2022-08-05,0.0
3376,468,2022-08-01,4.0
3377,468,2022-08-02,4.0
3378,468,2022-08-03,4.0
3379,468,2022-08-04,4.0
3380,468,2022-08-05,4.0
3381,468,2022-08-06,4.0
3382,468,2022-08-07,4.0
448,469,2022-08-01,333.8920443
449,469,2022-08-02,337.041649
450,469,2022-08-03,347.0508618
451,469,2022-08-04,369.7022423
452,469,2022-08-05,457.0119518
453,469,2022-08-06,523.3492553
454,469,2022-08-07,385.4395124
455,470,2022-08-01,4.513370139
456,470,2022-08-02,6.368877277
457,470,2022-08-03,4.221666588
458,470,2022-08-04,8.786853596
459,470,2022-08-05,8.309604207
460,470,2022-08-06,12.59398653
461,470,2022-08-07,11.65541135
469,472,2022-08-01,3.420853757
470,472,2022-08-02,2.869188538
471,472,2022-08-03,2.939168648
472,472,2022-08-04,3.015272213
473,472,2022-08-05,4.816769266
474,472,2022-08-06,6.617371301
475,472,2022-08-07,3.571325771
3470,473,2022-08-04,0.0
3554,473,2022-08-06,0.0
3678,473,2022-08-01,0.0
3753,473,2022-08-03,0.0
3799,473,2022-08-05,0.0
3849,473,2022-08-07,0.0
3981,473,2022-08-02,0.0
3383,474,2022-08-01,0.960855881
3384,474,2022-08-02,-0.053694217
3385,474,2022-08-03,0.467753871
3386,474,2022-08-04,0.553836826
3387,474,2022-08-05,1.623620347
3388,474,2022-08-06,1.521134629
3389,474,2022-08-07,0.904001927
476,475,2022-08-01,0.0
477,475,2022-08-02,0.0
478,475,2022-08-03,0.0
479,475,2022-08-04,0.0
480,475,2022-08-05,0.0
481,475,2022-08-06,0.0
482,475,2022-08-07,0.0
3390,477,2022-08-01,0.193002701
3391,477,2022-08-02,0.400346994
3392,477,2022-08-03,-0.167984843
3393,477,2022-08-04,2.324002028
3394,477,2022-08-05,0.340629458
3395,477,2022-08-06,0.866952419
3396,477,2022-08-07,0.740869045
490,479,2022-08-01,2.0
491,479,2022-08-02,2.0
492,479,2022-08-03,2.0
493,479,2022-08-04,2.0
494,479,2022-08-05,2.0
495,479,2022-08-06,2.0
496,479,2022-08-07,2.0
497,480,2022-08-01,0.322457309
498,480,2022-08-02,1.530043468
499,480,2022-08-03,2.098387627
500,480,2022-08-04,1.068442097
501,480,2022-08-05,1.650121184
502,480,2022-08-06,3.558323432
503,480,2022-08-07,2.724734059
3504,488,2022-08-07,1.0
3647,488,2022-08-02,1.0
3731,488,2022-08-04,1.0
3778,488,2022-08-06,1.0
3822,488,2022-08-01,1.0
3940,488,2022-08-03,1.0
3989,488,2022-08-05,1.0
3496,489,2022-08-01,0.0
3513,489,2022-08-03,0.0
3656,489,2022-08-05,0.0
3705,489,2022-08-07,0.0
3767,489,2022-08-02,0.0
3920,489,2022-08-04,0.0
3952,489,2022-08-06,0.0
3397,490,2022-08-01,1.519503888
3398,490,2022-08-02,1.493823493
3399,490,2022-08-03,1.90195933
3400,490,2022-08-04,1.669274812
3401,490,2022-08-05,2.263893057
3402,490,2022-08-06,2.38269116
3403,490,2022-08-07,1.553393859
3404,492,2022-08-01,1.249816179
3405,492,2022-08-02,0.933669806
3406,492,2022-08-03,1.074512959
3407,492,2022-08-04,1.224828482
3408,492,2022-08-05,0.516366243
3409,492,2022-08-06,2.149487257
3410,492,2022-08-07,2.147760391
553,493,2022-08-01,1.0
554,493,2022-08-02,3.0
555,493,2022-08-03,1.0
556,493,2022-08-04,3.0
557,493,2022-08-05,3.0
558,493,2022-08-06,3.0
559,493,2022-08-07,3.0
560,494,2022-08-01,1.0
561,494,2022-08-02,1.0
562,494,2022-08-03,1.0
563,494,2022-08-04,1.0
564,494,2022-08-05,1.0
565,494,2022-08-06,1.0
566,494,2022-08-07,1.0
3411,496,2022-08-01,0.008573651
3412,496,2022-08-02,2.077188969
3413,496,2022-08-03,0.806060672
3414,496,2022-08-04,0.311750054
3415,496,2022-08-05,1.623725533
3416,496,2022-08-06,0.158925176
3417,496,2022-08-07,1.882981062
574,497,2022-08-01,4.0
575,497,2022-08-02,4.0
576,497,2022-08-03,4.0
577,497,2022-08-04,4.0
578,497,2022-08-05,4.0
579,497,2022-08-06,4.0
580,497,2022-08-07,4.0
3543,498,2022-08-01,0.0
3605,498,2022-08-03,0.0
3658,498,2022-08-05,0.0
3726,498,2022-08-07,0.0
3872,498,2022-08-02,0.0
3896,498,2022-08-04,0.0
3965,498,2022-08-06,0.0
581,499,2022-08-01,2.0
582,499,2022-08-02,2.0
583,499,2022-08-03,2.0
584,499,2022-08-04,1.55
585,499,2022-08-05,2.0
586,499,2022-08-06,2.0
587,499,2022-08-07,2.0
3418,501,2022-08-01,1.879287628
3419,501,2022-08-02,2.359548631
3420,501,2022-08-03,1.639401321
3421,501,2022-08-04,1.918871865
3422,501,2022-08-05,2.399188338
3423,501,2022-08-06,2.719424437
3424,501,2022-08-07,1.559592917
595,502,2022-08-01,26.0
596,502,2022-08-02,26.0
597,502,2022-08-03,26.0
598,502,2022-08-04,26.0
599,502,2022-08-05,26.0
600,502,2022-08-06,26.0
601,502,2022-08-07,26.0
3425,504,2022-08-01,2.0
3426,504,2022-08-02,2.0
3427,504,2022-08-03,2.0
3428,504,2022-08-04,2.0
3429,504,2022-08-05,2.0
3430,504,2022-08-06,2.0
3431,504,2022-08-07,2.0
3511,505,2022-08-01,1.0
3586,505,2022-08-03,1.0
3645,505,2022-08-05,1.0
3745,505,2022-08-07,1.0
3832,505,2022-08-02,1.0
3886,505,2022-08-04,1.0
3928,505,2022-08-06,1.0
3486,510,2022-08-07,0.0
3631,510,2022-08-04,0.0
3636,510,2022-08-02,0.0
3761,510,2022-08-06,0.0
3840,510,2022-08-01,0.0
3898,510,2022-08-03,0.0
3933,510,2022-08-05,0.0
3432,511,2022-08-01,1.771933922
3433,511,2022-08-02,0.931212645
3434,511,2022-08-03,1.360033027
3435,511,2022-08-04,1.108328482
3436,511,2022-08-05,2.598188636
3437,511,2022-08-06,3.350531342
3438,511,2022-08-07,1.833816473
630,515,2022-08-01,5.0
631,515,2022-08-02,5.0
632,515,2022-08-03,5.0
633,515,2022-08-04,5.0
634,515,2022-08-05,5.0
635,515,2022-08-06,5.0
636,515,2022-08-07,5.0
2340,518,2022-08-01,0.634116519
2341,518,2022-08-02,0.77729861
2342,518,2022-08-03,0.836469013
2343,518,2022-08-04,0.804469478
2344,518,2022-08-05,0.718777842
2345,518,2022-08-06,1.883774854
2346,518,2022-08-07,1.585911101
2354,520,2022-08-01,1.101037332
2355,520,2022-08-02,0.660207447
2356,520,2022-08-03,0.706791224
2357,520,2022-08-04,1.164663782
2358,520,2022-08-05,2.10393589
2359,520,2022-08-06,2.941893372
2360,520,2022-08-07,1.144582642
3450,521,2022-08-06,1.0
3574,521,2022-08-01,1.0
3576,521,2022-08-03,1.0
3672,521,2022-08-05,1.0
3729,521,2022-08-07,1.0
3879,521,2022-08-02,1.0
3938,521,2022-08-04,1.0
2368,522,2022-08-01,0.736245676
2369,522,2022-08-02,0.632076498
2370,522,2022-08-03,0.689308735
2371,522,2022-08-04,0.652834959
2372,522,2022-08-05,0.765257464
2373,522,2022-08-06,1.132121545
2374,522,2022-08-07,0.787578192
2375,523,2022-08-01,0.0
2376,523,2022-08-02,0.0
2377,523,2022-08-03,0.0
2378,523,2022-08-04,0.0
2379,523,2022-08-05,0.0
2380,523,2022-08-06,0.0
2381,523,2022-08-07,0.0
679,527,2022-08-01,0.850404581
680,527,2022-08-02,1.770330981
681,527,2022-08-03,2.221582395
682,527,2022-08-04,3.24141982
683,527,2022-08-05,5.900229189
684,527,2022-08-06,7.111197363
685,527,2022-08-07,1.833301029
2389,528,2022-08-01,0.30511811
2390,528,2022-08-02,0.111204095
2391,528,2022-08-03,0.308106977
2392,528,2022-08-04,0.256363292
2393,528,2022-08-05,0.547073842
2394,528,2022-08-06,1.163200378
2395,528,2022-08-07,0.488987505
2396,529,2022-08-01,0.212300969
2397,529,2022-08-02,-0.357199006
2398,529,2022-08-03,-0.245553645
2399,529,2022-08-04,0.39198498
2400,529,2022-08-05,0.603800956
2401,529,2022-08-06,0.642114211
2402,529,2022-08-07,0.211515828
700,534,2022-08-01,12.0
701,534,2022-08-02,12.0
702,534,2022-08-03,12.0
703,534,2022-08-04,12.0
704,534,2022-08-05,12.0
705,534,2022-08-06,12.0
706,534,2022-08-07,12.0
707,535,2022-08-01,4.994328616
708,535,2022-08-02,2.31783996
709,535,2022-08-03,0.528895085
710,535,2022-08-04,7.7024026
711,535,2022-08-05,6.559435768
712,535,2022-08-06,9.377341849
713,535,2022-08-07,9.187573687
2417,539,2022-08-01,0.358912826
2418,539,2022-08-02,0.760869861
2419,539,2022-08-03,0.82595551
2420,539,2022-08-04,0.67199862
2421,539,2022-08-05,0.771886051
2422,539,2022-08-06,0.812948883
2423,539,2022-08-07,0.105762392
728,540,2022-08-01,2.0
729,540,2022-08-02,2.0
730,540,2022-08-03,2.0
731,540,2022-08-04,2.0
732,540,2022-08-05,2.0
733,540,2022-08-06,2.0
734,540,2022-08-07,2.0
735,541,2022-08-01,5.0
736,541,2022-08-02,5.0
737,541,2022-08-03,5.0
738,541,2022-08-04,5.0
739,541,2022-08-05,5.0
740,541,2022-08-06,5.0
741,541,2022-08-07,5.0
2431,544,2022-08-01,1.0
2432,544,2022-08-02,1.0
2433,544,2022-08-03,1.0
2434,544,2022-08-04,1.0
2435,544,2022-08-05,1.0
2436,544,2022-08-06,1.0
2437,544,2022-08-07,1.0
763,548,2022-08-01,5.0
764,548,2022-08-02,5.0
765,548,2022-08-03,5.0
766,548,2022-08-04,5.0
767,548,2022-08-05,5.0
768,548,2022-08-06,5.0
769,548,2022-08-07,5.0
2438,550,2022-08-01,3.057452637
2439,550,2022-08-02,0.514104112
2440,550,2022-08-03,0.586335182
2441,550,2022-08-04,0.467303049
2442,550,2022-08-05,0.477455566
2443,550,2022-08-06,1.356667659
2444,550,2022-08-07,0.888072222
784,552,2022-08-01,3.92039819
785,552,2022-08-02,3.195720306
786,552,2022-08-03,3.54601254
787,552,2022-08-04,2.255618755
788,552,2022-08-05,3.153692829
789,552,2022-08-06,4.532359179
790,552,2022-08-07,3.308120478
2466,553,2022-08-01,-0.260679245
2467,553,2022-08-02,0.023490667
2468,553,2022-08-03,1.230007172
2469,553,2022-08-04,2.027475357
2470,553,2022-08-05,2.003026962
2471,553,2022-08-06,1.811363935
2472,553,2022-08-07,0.12272799
2473,554,2022-08-01,1.191366964
2474,554,2022-08-02,1.485193708
2475,554,2022-08-03,-0.163523871
2476,554,2022-08-04,1.082684708
2477,554,2022-08-05,0.454066441
2478,554,2022-08-06,1.634905913
2479,554,2022-08-07,-0.43538225
791,555,2022-08-01,10.0
792,555,2022-08-02,10.0
793,555,2022-08-03,10.0
794,555,2022-08-04,10.0
795,555,2022-08-05,10.0
796,555,2022-08-06,10.0
797,555,2022-08-07,10.0
805,557,2022-08-01,55.0
806,557,2022-08-02,40.0
807,557,2022-08-03,34.5
808,557,2022-08-04,34.5
809,557,2022-08-05,34.5
810,557,2022-08-06,34.5
811,557,2022-08-07,24.5
2487,561,2022-08-01,3.0
2488,561,2022-08-02,3.0
2489,561,2022-08-03,3.0
2490,561,2022-08-04,3.0
2491,561,2022-08-05,3.0
2492,561,2022-08-06,3.0
2493,561,2022-08-07,3.0
3521,564,2022-08-07,2.0
3568,564,2022-08-02,2.0
3602,564,2022-08-04,2.0
3693,564,2022-08-06,2.0
3793,564,2022-08-01,2.0
3900,564,2022-08-05,2.0
3901,564,2022-08-03,2.0
2508,565,2022-08-01,1.639719725
2509,565,2022-08-02,0.671868682
2510,565,2022-08-03,0.762208581
2511,565,2022-08-04,1.11062777
2512,565,2022-08-05,1.171160102
2513,565,2022-08-06,2.243232965
2514,565,2022-08-07,1.171632409
840,566,2022-08-01,7.0
841,566,2022-08-02,7.0
842,566,2022-08-03,7.0
843,566,2022-08-04,7.0
844,566,2022-08-05,7.0
845,566,2022-08-06,7.0
846,566,2022-08-07,7.0
2522,567,2022-08-01,4.0
2523,567,2022-08-02,4.0
2524,567,2022-08-03,4.0
2525,567,2022-08-04,4.0
2526,567,2022-08-05,4.0
2527,567,2022-08-06,4.0
2528,567,2022-08-07,4.0
2529,568,2022-08-01,1.907920964
2530,568,2022-08-02,5.572987337
2531,568,2022-08-03,1.617941517
2532,568,2022-08-04,3.390386911
2533,568,2022-08-05,8.047295509
2534,568,2022-08-06,4.711733524
2535,568,2022-08-07,1.001664986
