,SALES_DATE,predicted,predicted_30,predicted_45,predicted_60,predicted_90,predicted_max,Encoded_SKU_ID
0,2022-08-01,3.0,3.0,3.0,3.0,2.0,3.0,1
1,2022-08-02,1.4500000000000002,1.0,2.45,0.45,3.0,5.0,1
2,2022-08-03,0.55,1.0,1.4500000000000002,2.0,2.0,2.0,1
3,2022-08-04,3.0,1.55,0.0,0.0,1.0,2.45,1
4,2022-08-05,1.0,1.55,2.0,0.0,1.0,2.5500000000000003,1
5,2022-08-06,0.0,1.0,2.45,1.55,0.0,0.0,1
6,2022-08-07,2.0,0.55,1.0,3.0,3.0,1.55,1
0,2022-08-01,1.4500000000000002,2.45,3.0,2.0,4.0,0.45,198
1,2022-08-02,-1.0,0.0,2.0,2.45,2.45,4.0,198
2,2022-08-03,2.0,5.0,3.0,2.0,2.0,2.5500000000000003,198
3,2022-08-04,0.0,1.0,3.0,3.0,2.45,1.0,198
4,2022-08-05,3.0,2.0,2.0,2.0,1.0,1.55,198
5,2022-08-06,0.0,1.0,2.0,1.4500000000000002,3.0,1.0,198
6,2022-08-07,2.45,3.0,2.0,4.0,3.45,3.0,198
0,2022-08-01,1.55,0.45,0.45,0.45,2.0,1.0,1
1,2022-08-02,0.45,1.0,2.5500000000000003,2.0,2.45,0.0,1
2,2022-08-03,1.0,2.0,0.0,3.0,2.0,1.0,1
3,2022-08-04,0.0,0.45,1.0,0.45,4.0,4.45,1
4,2022-08-05,2.0,1.4500000000000002,3.0,2.0,0.0,2.0,1
5,2022-08-06,2.0,2.0,0.0,2.0,3.0,1.0,1
6,2022-08-07,1.0,1.0,1.0,1.0,2.0,1.4500000000000002,1
0,2022-08-01,1.0,0.0,0.0,0.45,2.45,1.55,78
1,2022-08-02,2.0,3.0,0.55,4.0,3.0,1.0,78
2,2022-08-03,0.0,0.0,1.0,2.0,0.0,0.45,78
3,2022-08-04,0.0,0.0,0.45,0.0,1.0,0.45,78
4,2022-08-05,2.0,3.0,2.0,1.0,0.45,2.0,78
5,2022-08-06,2.0,1.0,1.0,0.0,0.0,1.0,78
6,2022-08-07,0.0,0.0,3.0,0.45,1.55,0.45,78
0,2022-08-01,1.0,1.0,3.0,2.5500000000000003,1.0,1.0,506
1,2022-08-02,3.0,3.0,0.0,0.0,3.0,1.0,506
2,2022-08-03,-0.55,2.5500000000000003,1.4500000000000002,0.55,1.0,6.0,506
3,2022-08-04,2.0,1.4500000000000002,1.0,1.0,0.0,1.55,506
4,2022-08-05,1.0,2.0,1.0,2.0,0.55,1.0,506
5,2022-08-06,3.0,2.0,2.0,0.0,0.0,1.55,506
6,2022-08-07,-0.55,0.0,2.5500000000000003,3.0,0.0,1.0,506
0,2022-08-01,0.0,0.0,0.0,0.0,0.0,0.0,370
1,2022-08-02,1.0,0.0,0.0,0.0,0.0,0.0,370
2,2022-08-03,0.0,0.0,0.0,0.0,1.0,0.0,370
3,2022-08-04,1.0,0.0,0.0,0.0,0.0,0.0,370
4,2022-08-05,0.0,0.0,0.0,0.0,1.0,0.0,370
5,2022-08-06,1.0,0.0,0.0,0.0,0.0,0.0,370
6,2022-08-07,0.0,0.0,0.0,0.0,0.0,0.0,370
0,2022-08-01,,,,,,,447
1,2022-08-02,,,,,,,447
2,2022-08-03,,,,,,,447
3,2022-08-04,,,,,,,447
4,2022-08-05,,,,,,,447
5,2022-08-06,,,,,,,447
6,2022-08-07,,,,,,,447
0,2022-08-01,1.0,3.0,3.0,0.0,0.45,0.0,224
1,2022-08-02,3.0,1.55,1.0,1.0,0.0,0.0,224
2,2022-08-03,1.0,1.0,1.0,0.0,0.0,0.0,224
3,2022-08-04,0.0,3.0,2.0,1.0,0.0,2.0,224
4,2022-08-05,0.0,1.0,2.0,2.0,0.0,0.0,224
5,2022-08-06,-0.55,1.0,0.0,0.0,0.0,2.0,224
6,2022-08-07,3.0,3.0,1.0,1.0,0.0,2.0,224
0,2022-08-01,2.0,1.0,2.0,0.0,0.0,0.0,224
1,2022-08-02,3.0,2.0,0.0,0.0,1.0,0.0,224
2,2022-08-03,2.0,1.0,0.0,0.0,0.0,0.0,224
3,2022-08-04,0.0,0.0,0.0,0.0,0.0,1.0,224
4,2022-08-05,0.0,1.0,1.0,1.0,0.0,2.0,224
5,2022-08-06,0.0,1.0,3.0,0.0,2.0,0.0,224
6,2022-08-07,1.0,2.0,0.0,0.0,1.0,1.0,224
0,2022-08-01,0.0,0.0,0.0,3.0,1.0,1.0,334
1,2022-08-02,1.0,1.0,0.0,0.0,3.0,2.0,334
2,2022-08-03,1.0,1.0,1.0,1.0,0.45,0.0,334
3,2022-08-04,0.0,0.0,1.0,1.0,2.0,1.0,334
4,2022-08-05,0.0,1.0,0.0,0.0,1.0,1.0,334
5,2022-08-06,0.55,0.0,1.0,1.0,1.0,3.0,334
6,2022-08-07,0.0,1.0,1.0,1.0,2.45,2.0,334
0,2022-08-01,1.0,1.0,0.0,0.0,0.0,0.0,575
1,2022-08-02,0.0,0.0,0.0,0.0,0.0,0.0,575
2,2022-08-03,0.0,0.0,0.0,0.0,0.0,0.0,575
3,2022-08-04,0.0,0.0,0.0,0.0,0.0,1.0,575
4,2022-08-05,0.0,0.0,0.0,0.0,0.0,0.55,575
5,2022-08-06,0.0,0.0,0.0,0.0,0.0,1.0,575
6,2022-08-07,1.0,0.0,0.0,0.0,2.0,1.4500000000000002,575
0,2022-08-01,0.0,0.0,0.0,0.0,0.0,0.0,175
1,2022-08-02,1.0,1.0,0.0,0.0,0.0,1.0,175
2,2022-08-03,0.0,0.0,0.0,0.0,0.0,0.0,175
3,2022-08-04,0.0,0.0,1.0,0.0,0.0,0.0,175
4,2022-08-05,1.0,0.0,0.0,0.0,0.0,0.0,175
5,2022-08-06,0.0,0.0,0.0,0.0,0.0,0.0,175
6,2022-08-07,0.0,0.0,0.0,0.0,0.0,0.0,175
0,2022-08-01,1.0,0.0,1.0,1.0,1.0,2.0,434
1,2022-08-02,2.0,2.5500000000000003,0.45,0.0,4.0,1.0,434
2,2022-08-03,2.0,1.0,2.0,1.0,4.0,1.0,434
3,2022-08-04,0.0,1.0,1.4500000000000002,0.45,1.0,1.0,434
4,2022-08-05,1.0,1.0,1.0,0.0,1.0,2.0,434
5,2022-08-06,1.0,1.0,0.45,1.0,3.0,0.45,434
6,2022-08-07,-0.45,1.4500000000000002,1.0,1.0,5.0,4.0,434
0,2022-08-01,2.0,2.0,1.0,1.0,1.0,1.0,298
1,2022-08-02,0.0,0.0,0.45,2.0,1.0,0.55,298
2,2022-08-03,0.0,3.0,1.0,1.0,1.0,1.0,298
3,2022-08-04,2.0,4.0,2.0,1.0,2.0,1.0,298
4,2022-08-05,0.0,0.0,0.45,1.0,1.0,1.0,298
5,2022-08-06,0.0,2.5500000000000003,2.0,0.0,1.0,0.0,298
6,2022-08-07,2.0,4.0,1.0,1.0,1.0,2.0,298
0,2022-08-01,1.4500000000000002,1.4500000000000002,4.0,4.0,4.0,2.0,300
1,2022-08-02,2.0,1.0,1.0,1.0,1.0,1.0,300
2,2022-08-03,5.0,1.0,1.55,1.0,1.0,3.45,300
3,2022-08-04,2.0,2.45,1.4500000000000002,2.0,2.0,1.0,300
4,2022-08-05,2.0,1.0,7.0,4.0,2.0,2.0,300
5,2022-08-06,1.0,1.0,0.0,1.0,0.0,1.0,300
6,2022-08-07,2.0,4.55,2.0,2.45,6.0,1.0,300
0,2022-08-01,3.0,3.0,4.45,5.45,4.0,3.5500000000000003,168
1,2022-08-02,2.0,2.0,2.0,4.0,3.0,1.0,168
2,2022-08-03,3.0,5.0,5.45,7.0,3.0,4.0,168
3,2022-08-04,2.0,2.0,1.0,4.0,3.0,2.0,168
4,2022-08-05,2.0,1.0,5.45,3.0,0.0,1.4500000000000002,168
5,2022-08-06,2.0,1.0,2.0,1.4500000000000002,3.0,1.0,168
6,2022-08-07,3.0,2.5500000000000003,5.45,1.55,0.0,4.45,168
0,2022-08-01,0.0,0.0,0.0,0.0,0.0,0.0,423
1,2022-08-02,0.0,0.0,0.0,0.0,0.0,0.0,423
2,2022-08-03,1.0,0.0,0.0,0.0,0.0,0.0,423
3,2022-08-04,0.0,0.0,0.0,1.0,0.0,0.0,423
4,2022-08-05,0.0,0.0,0.0,2.0,0.0,0.0,423
5,2022-08-06,0.0,1.0,0.0,0.0,0.0,0.0,423
6,2022-08-07,0.0,0.0,0.0,4.0,0.0,0.0,423
0,2022-08-01,1.55,1.55,1.0,2.0,2.0,2.0,1
1,2022-08-02,1.0,3.0,2.5500000000000003,2.0,1.0,2.0,1
2,2022-08-03,1.0,1.55,1.55,2.0,1.0,1.55,1
3,2022-08-04,1.0,1.0,2.5500000000000003,1.0,2.0,2.0,1
4,2022-08-05,0.0,1.55,2.0,3.0,1.55,3.45,1
5,2022-08-06,1.0,0.0,1.0,0.0,0.0,1.0,1
6,2022-08-07,1.0,1.0,0.55,1.0,2.0,1.55,1
0,2022-08-01,3.0,3.0,2.0,3.0,1.4500000000000002,0.45,1
1,2022-08-02,2.0,0.45,3.0,2.0,2.0,2.0,1
2,2022-08-03,0.55,2.0,3.0,1.0,2.0,2.0,1
3,2022-08-04,0.0,2.0,1.0,3.0,0.0,1.0,1
4,2022-08-05,0.0,2.0,2.0,2.0,0.55,2.0,1
5,2022-08-06,2.0,1.0,1.55,0.0,3.0,3.0,1
6,2022-08-07,2.0,2.0,2.5500000000000003,1.4500000000000002,2.0,1.0,1
0,2022-08-01,0.0,0.0,0.0,0.0,1.0,2.0,100
1,2022-08-02,1.0,1.0,1.0,1.0,2.0,0.0,100
2,2022-08-03,0.0,1.55,2.0,0.0,0.0,0.0,100
3,2022-08-04,0.0,0.0,1.0,1.0,0.0,0.0,100
4,2022-08-05,0.0,1.0,1.0,0.0,0.0,0.0,100
5,2022-08-06,0.0,2.0,2.0,1.0,0.0,1.0,100
6,2022-08-07,0.0,0.0,1.0,2.0,0.0,0.0,100
0,2022-08-01,1.0,1.0,0.0,0.0,1.0,0.0,331
1,2022-08-02,0.0,0.0,1.0,1.0,0.55,0.45,331
2,2022-08-03,0.0,1.0,2.0,0.0,1.0,0.45,331
3,2022-08-04,1.0,0.0,0.0,0.0,2.0,0.45,331
4,2022-08-05,0.0,0.0,0.0,0.0,0.0,0.45,331
5,2022-08-06,0.0,0.0,0.0,0.0,0.0,0.0,331
6,2022-08-07,0.0,0.0,0.0,1.0,0.0,2.0,331
0,2022-08-01,2.45,2.45,1.0,0.0,0.55,0.55,247
1,2022-08-02,0.0,0.0,1.0,0.0,0.0,0.0,247
2,2022-08-03,0.45,1.0,0.0,0.55,0.55,0.55,247
3,2022-08-04,2.45,1.0,1.0,1.0,0.55,1.0,247
4,2022-08-05,0.0,0.0,0.0,1.0,0.0,0.0,247
5,2022-08-06,0.0,0.0,1.0,0.0,0.55,0.0,247
6,2022-08-07,2.45,0.0,0.0,1.0,0.55,1.0,247
0,2022-08-01,0.0,0.0,0.0,0.0,1.0,1.0,284
1,2022-08-02,0.0,0.0,0.0,0.0,1.0,0.0,284
2,2022-08-03,0.0,1.0,0.0,0.0,0.0,1.0,284
3,2022-08-04,0.0,0.45,0.0,0.0,1.0,1.0,284
4,2022-08-05,0.45,0.0,0.0,0.0,1.0,0.0,284
5,2022-08-06,-1.0,0.0,0.0,0.0,0.0,2.0,284
6,2022-08-07,1.0,0.0,0.0,0.0,0.0,0.0,284
28,2022-08-01,2.0,6.0,5.550000000000001,1.0,1.0,0.0,291
29,2022-08-02,0.55,1.0,1.0,2.45,1.0,1.0,291
30,2022-08-03,1.55,1.0,-0.55,0.0,1.0,1.0,291
31,2022-08-04,6.0,-0.55,1.4500000000000002,0.45,1.4500000000000002,1.0,291
32,2022-08-05,1.0,1.0,0.0,0.0,1.0,0.45,291
33,2022-08-06,0.0,6.0,2.0,0.45,0.0,1.55,291
34,2022-08-07,1.0,0.45,1.0,1.0,0.0,1.0,291
35,2022-08-01,0.45,1.0,0.0,1.0,1.0,2.0,292
36,2022-08-02,1.0,1.55,1.0,2.0,1.0,1.0,292
37,2022-08-03,0.55,0.55,0.0,1.0,0.0,0.0,292
38,2022-08-04,1.55,0.0,1.0,1.0,0.0,0.0,292
39,2022-08-05,2.0,2.5500000000000003,0.0,0.45,1.0,0.0,292
40,2022-08-06,0.45,2.0,0.0,2.0,2.0,0.0,292
41,2022-08-07,0.0,0.55,3.0,1.4500000000000002,2.0,0.0,292
42,2022-08-01,1.0,2.0,2.0,3.0,5.0,4.0,294
43,2022-08-02,3.0,4.0,0.0,0.0,2.0,3.0,294
44,2022-08-03,1.0,0.0,1.55,1.0,5.0,2.0,294
45,2022-08-04,3.0,0.0,5.0,2.0,1.0,1.0,294
46,2022-08-05,1.0,3.0,0.0,5.0,4.0,2.0,294
47,2022-08-06,3.0,1.4500000000000002,0.0,1.0,1.0,1.0,294
48,2022-08-07,1.0,1.0,1.55,1.0,0.45,0.45,294
49,2022-08-01,1.55,3.0,2.0,3.0,2.0,3.45,296
50,2022-08-02,0.0,2.0,2.45,2.0,1.0,3.45,296
51,2022-08-03,3.0,2.5500000000000003,1.0,0.0,2.45,0.45,296
52,2022-08-04,1.0,2.0,4.0,3.0,2.0,4.0,296
53,2022-08-05,1.0,0.0,2.5500000000000003,2.45,0.55,2.0,296
54,2022-08-06,1.0,2.0,1.0,0.55,4.0,1.55,296
55,2022-08-07,1.0,2.0,3.0,3.45,3.0,3.5500000000000003,296
98,2022-08-01,1.0,0.0,1.0,1.0,1.0,1.0,306
99,2022-08-02,1.4500000000000002,2.0,0.0,0.0,0.0,0.0,306
100,2022-08-03,4.0,3.5500000000000003,1.0,1.0,1.0,0.0,306
101,2022-08-04,1.0,3.0,1.0,0.0,0.0,1.0,306
102,2022-08-05,0.0,1.55,0.0,1.0,0.0,0.0,306
103,2022-08-06,3.0,0.0,1.0,0.55,1.0,1.0,306
104,2022-08-07,0.45,2.0,1.0,1.0,0.0,4.0,306
112,2022-08-01,1.0,1.0,1.0,1.0,2.0,2.0,309
113,2022-08-02,1.0,6.0,1.0,1.0,1.0,1.4500000000000002,309
114,2022-08-03,1.0,2.0,2.0,3.0,6.0,3.0,309
115,2022-08-04,1.4500000000000002,1.0,1.4500000000000002,2.0,1.0,1.4500000000000002,309
116,2022-08-05,1.4500000000000002,2.0,3.0,1.0,2.0,1.0,309
117,2022-08-06,1.0,0.45,1.55,1.0,0.0,4.0,309
118,2022-08-07,1.0,1.0,1.0,2.0,1.0,1.0,309
119,2022-08-01,1.55,2.0,2.0,2.0,3.0,0.0,311
120,2022-08-02,0.55,0.0,3.0,0.45,2.0,2.0,311
121,2022-08-03,4.45,0.0,2.0,2.45,0.55,2.5500000000000003,311
122,2022-08-04,1.0,2.0,3.0,0.0,2.0,2.0,311
123,2022-08-05,5.0,1.4500000000000002,1.55,3.0,2.0,2.0,311
124,2022-08-06,1.0,1.0,2.0,1.0,2.0,1.0,311
125,2022-08-07,0.0,5.0,2.0,1.0,2.0,2.0,311
133,2022-08-01,0.0,0.0,0.0,0.0,0.0,0.0,314
134,2022-08-02,0.0,0.0,0.0,0.0,0.0,1.0,314
135,2022-08-03,0.0,0.0,0.0,0.0,0.0,1.0,314
136,2022-08-04,0.0,1.0,0.0,0.0,0.0,0.0,314
137,2022-08-05,0.0,0.0,0.0,0.0,0.0,0.0,314
138,2022-08-06,0.0,0.45,0.0,0.0,0.0,0.0,314
139,2022-08-07,0.0,0.0,0.0,0.0,0.0,0.0,314
147,2022-08-01,0.0,0.0,2.0,0.0,0.0,0.0,316
148,2022-08-02,0.0,2.0,0.0,0.0,0.0,0.0,316
149,2022-08-03,0.0,0.0,1.0,0.0,0.55,1.0,316
150,2022-08-04,0.0,2.5500000000000003,1.0,0.0,0.0,0.0,316
151,2022-08-05,0.0,1.0,1.0,0.0,0.0,0.0,316
152,2022-08-06,0.0,0.0,0.0,0.0,1.0,0.0,316
153,2022-08-07,0.0,0.0,1.0,0.0,0.0,0.0,316
154,2022-08-01,1.0,0.0,0.0,1.0,2.0,2.0,318
155,2022-08-02,2.0,0.0,2.0,3.0,1.0,1.0,318
156,2022-08-03,0.0,0.55,1.0,0.0,0.55,1.0,318
157,2022-08-04,1.0,0.0,1.0,0.0,0.0,0.0,318
158,2022-08-05,0.0,0.0,1.0,2.0,0.0,0.0,318
159,2022-08-06,2.0,0.0,1.0,0.0,0.0,1.0,318
160,2022-08-07,0.0,0.0,1.0,0.0,0.0,0.0,318
168,2022-08-01,1.0,0.0,1.0,0.55,0.45,0.0,320
169,2022-08-02,-0.45,0.0,1.0,1.0,3.0,0.0,320
170,2022-08-03,0.0,0.45,2.0,1.0,0.45,1.0,320
171,2022-08-04,0.0,0.0,0.0,0.55,3.0,0.0,320
172,2022-08-05,0.0,1.0,0.0,0.0,1.55,2.45,320
173,2022-08-06,4.0,1.0,1.0,0.45,1.0,1.0,320
174,2022-08-07,2.0,3.0,0.45,1.0,2.0,0.45,320
0,2022-08-01,0.0,4.0,2.45,0.0,5.0,5.0,119
1,2022-08-02,1.0,1.0,0.45,0.55,1.4500000000000002,1.0,119
2,2022-08-03,4.0,0.55,1.0,1.0,0.0,0.55,119
3,2022-08-04,0.0,0.45,4.0,1.0,0.0,1.0,119
4,2022-08-05,1.0,0.0,0.0,0.45,1.0,1.0,119
5,2022-08-06,4.0,1.0,2.45,0.45,0.0,2.0,119
6,2022-08-07,0.0,1.4500000000000002,0.0,0.55,1.0,3.0,119
0,2022-08-01,4.0,4.0,0.0,1.55,1.0,2.0,222
1,2022-08-02,2.0,3.0,2.0,2.0,3.0,3.5500000000000003,222
2,2022-08-03,1.0,2.0,4.0,5.0,1.0,3.5500000000000003,222
3,2022-08-04,3.0,2.0,1.0,0.0,3.45,4.0,222
4,2022-08-05,2.0,0.0,4.0,4.0,2.0,1.0,222
5,2022-08-06,4.0,4.0,1.0,1.0,2.5500000000000003,3.0,222
6,2022-08-07,2.0,1.0,4.0,3.0,1.55,2.0,222
0,2022-08-01,2.0,2.5500000000000003,3.0,3.5500000000000003,4.0,1.0,94
1,2022-08-02,2.0,1.55,2.0,3.0,1.55,3.0,94
2,2022-08-03,1.0,3.5500000000000003,0.45,0.55,3.0,3.0,94
3,2022-08-04,1.0,0.0,0.45,3.45,1.0,2.0,94
4,2022-08-05,2.5500000000000003,1.0,2.0,1.0,2.0,4.0,94
5,2022-08-06,2.0,0.55,2.5500000000000003,1.0,2.0,3.0,94
6,2022-08-07,1.0,2.0,0.0,4.0,1.0,3.5500000000000003,94
0,2022-08-01,0.0,0.0,-0.45,3.0,5.0,6.0,93
1,2022-08-02,1.0,2.0,3.0,0.0,3.0,1.55,93
2,2022-08-03,0.0,0.0,2.0,6.0,1.0,2.45,93
3,2022-08-04,1.0,1.4500000000000002,0.0,2.0,1.0,2.0,93
4,2022-08-05,0.0,0.0,0.0,6.0,3.0,2.0,93
5,2022-08-06,-0.55,2.0,1.4500000000000002,5.0,2.0,3.0,93
6,2022-08-07,1.0,1.0,3.0,1.0,1.0,3.0,93
14,2022-08-01,1.0,1.0,0.0,0.0,0.0,0.0,471
15,2022-08-02,0.0,0.0,0.0,0.0,0.0,0.0,471
16,2022-08-03,0.0,2.0,0.0,0.0,0.0,0.0,471
17,2022-08-04,0.0,0.0,0.0,0.0,0.0,0.0,471
18,2022-08-05,0.0,0.0,0.0,0.0,0.0,0.0,471
19,2022-08-06,0.0,1.0,0.0,0.0,0.0,0.0,471
20,2022-08-07,0.0,0.0,0.0,0.0,0.0,0.0,471
70,2022-08-01,1.0,5.0,5.0,5.0,5.0,0.0,484
71,2022-08-02,0.0,0.45,0.45,2.0,1.0,0.45,484
72,2022-08-03,0.0,2.45,3.0,1.0,6.0,2.0,484
73,2022-08-04,3.0,4.0,0.45,1.0,1.0,1.0,484
74,2022-08-05,5.0,0.0,2.0,2.0,2.0,0.45,484
75,2022-08-06,2.0,3.0,1.0,2.0,5.0,1.0,484
76,2022-08-07,3.5500000000000003,2.0,1.0,1.4500000000000002,2.0,2.0,484
77,2022-08-01,0.0,0.0,0.0,0.0,0.0,0.0,485
78,2022-08-02,0.0,0.0,0.0,0.0,0.0,0.0,485
79,2022-08-03,0.0,0.0,0.0,0.0,1.0,0.0,485
80,2022-08-04,0.0,1.0,0.0,0.0,0.0,0.0,485
81,2022-08-05,0.0,1.0,0.0,0.0,0.0,0.0,485
82,2022-08-06,0.0,0.0,0.0,0.0,0.0,0.0,485
83,2022-08-07,0.0,0.0,0.0,0.0,0.0,0.0,485
84,2022-08-01,2.0,2.0,2.0,3.45,2.0,2.5500000000000003,486
85,2022-08-02,2.0,7.0,1.0,9.0,5.0,1.4500000000000002,486
86,2022-08-03,2.0,4.0,3.0,5.45,5.0,5.550000000000001,486
87,2022-08-04,2.0,1.0,8.0,3.0,2.0,3.45,486
88,2022-08-05,1.0,3.45,5.0,2.5500000000000003,3.0,5.0,486
89,2022-08-06,2.0,3.45,4.45,3.0,3.0,3.0,486
90,2022-08-07,2.0,2.0,7.0,2.0,8.0,2.45,486
98,2022-08-01,0.0,1.0,1.0,1.0,1.0,4.0,491
99,2022-08-02,2.0,5.0,1.0,1.0,1.0,2.0,491
100,2022-08-03,0.0,0.55,1.0,3.0,1.0,1.0,491
101,2022-08-04,0.0,0.55,1.0,0.45,1.0,1.0,491
102,2022-08-05,1.0,1.0,3.0,3.45,1.0,0.45,491
103,2022-08-06,1.0,5.0,0.0,0.45,1.0,1.0,491
104,2022-08-07,2.0,1.0,1.0,4.0,4.0,0.45,491
119,2022-08-01,0.0,0.0,0.0,0.0,0.0,0.0,495
120,2022-08-02,0.0,0.0,1.0,1.0,0.0,1.0,495
121,2022-08-03,0.0,1.0,0.0,0.0,0.0,0.45,495
122,2022-08-04,0.0,0.0,0.0,0.0,1.0,0.0,495
123,2022-08-05,0.0,0.0,1.0,1.0,0.0,1.0,495
124,2022-08-06,0.0,0.0,0.0,0.0,0.0,1.0,495
125,2022-08-07,0.0,1.0,1.0,0.0,1.0,0.0,495
161,2022-08-01,2.0,0.0,0.0,0.0,0.0,0.0,512
162,2022-08-02,0.0,2.0,0.0,0.0,3.5500000000000003,1.0,512
163,2022-08-03,0.45,0.0,0.45,0.0,0.0,1.0,512
164,2022-08-04,0.0,0.45,0.0,2.0,0.55,0.0,512
165,2022-08-05,0.0,2.0,3.0,0.0,-0.55,2.0,512
166,2022-08-06,0.0,2.0,2.0,1.0,3.0,0.55,512
167,2022-08-07,0.0,0.55,0.0,0.0,0.0,0.0,512
168,2022-08-01,0.45,0.45,1.0,1.0,1.0,0.45,513
169,2022-08-02,-0.45,0.55,1.0,1.0,0.0,1.0,513
170,2022-08-03,0.0,0.55,0.0,1.0,2.0,1.0,513
171,2022-08-04,0.45,1.4500000000000002,2.0,0.0,3.0,1.0,513
172,2022-08-05,0.0,0.0,2.0,0.45,2.45,0.55,513
173,2022-08-06,2.0,0.45,4.0,0.55,0.45,1.0,513
174,2022-08-07,-1.0,1.0,0.45,0.0,3.0,0.0,513
189,2022-08-01,1.0,0.0,0.0,0.0,0.0,0.0,516
190,2022-08-02,3.0,0.0,0.0,0.0,0.0,0.0,516
191,2022-08-03,2.0,0.55,0.0,0.0,0.0,0.0,516
192,2022-08-04,0.0,0.0,0.0,0.0,0.0,0.0,516
193,2022-08-05,0.0,0.55,0.0,0.0,0.0,0.0,516
194,2022-08-06,1.0,1.0,1.0,0.0,0.0,0.0,516
195,2022-08-07,0.0,1.0,2.0,0.0,0.0,0.0,516
196,2022-08-01,0.45,0.45,1.0,0.0,3.0,0.55,517
197,2022-08-02,0.0,1.0,0.0,0.45,0.0,0.0,517
198,2022-08-03,1.0,0.0,2.0,1.0,0.0,1.0,517
199,2022-08-04,3.45,4.0,0.0,2.5500000000000003,1.0,1.4500000000000002,517
200,2022-08-05,2.0,2.0,0.0,2.45,0.0,2.0,517
201,2022-08-06,0.0,0.0,3.0,0.0,1.4500000000000002,0.0,517
202,2022-08-07,2.0,1.0,0.0,3.0,0.55,1.0,517
203,2022-08-01,0.0,0.0,5.0,5.0,5.0,0.0,519
204,2022-08-02,0.55,0.0,1.0,1.0,1.0,0.0,519
205,2022-08-03,0.0,0.0,1.0,1.0,1.0,0.0,519
206,2022-08-04,0.0,0.0,0.0,1.0,0.0,0.0,519
207,2022-08-05,1.0,0.0,2.0,0.0,1.0,0.0,519
208,2022-08-06,0.0,0.0,0.0,0.0,5.0,0.0,519
209,2022-08-07,0.0,0.0,0.0,0.0,1.0,0.0,519
210,2022-08-01,0.0,0.0,0.0,1.0,0.0,2.0,524
211,2022-08-02,0.0,0.0,0.0,0.0,1.0,0.0,524
212,2022-08-03,0.0,0.0,0.0,1.0,0.0,1.0,524
213,2022-08-04,0.0,0.0,0.0,0.0,0.0,0.0,524
214,2022-08-05,0.0,0.0,1.0,0.0,0.0,0.0,524
215,2022-08-06,0.0,0.0,0.0,0.0,0.0,0.0,524
216,2022-08-07,1.0,0.0,0.0,0.0,0.0,0.0,524
217,2022-08-01,1.55,0.55,2.5500000000000003,1.0,1.55,1.55,525
218,2022-08-02,1.0,1.0,1.55,4.0,1.0,2.0,525
219,2022-08-03,3.0,1.0,3.0,3.5500000000000003,2.0,2.5500000000000003,525
220,2022-08-04,1.0,1.0,1.0,1.0,1.0,2.0,525
221,2022-08-05,2.0,3.0,2.0,3.0,0.55,1.0,525
222,2022-08-06,0.55,0.0,-1.0,1.55,1.0,0.0,525
223,2022-08-07,1.0,2.5500000000000003,1.0,1.0,3.0,4.0,525
224,2022-08-01,6.550000000000001,7.0,3.0,6.550000000000001,4.0,1.0,526
225,2022-08-02,3.0,5.0,2.0,3.0,1.0,6.550000000000001,526
226,2022-08-03,3.0,3.0,3.0,1.55,1.0,3.0,526
227,2022-08-04,3.0,3.0,2.0,1.0,1.0,2.0,526
228,2022-08-05,1.0,2.0,6.550000000000001,5.550000000000001,4.45,3.0,526
229,2022-08-06,7.0,2.45,2.0,3.0,1.4500000000000002,3.0,526
230,2022-08-07,4.0,1.0,5.0,3.0,1.0,2.0,526
238,2022-08-01,1.0,1.0,4.0,2.0,3.0,1.4500000000000002,531
239,2022-08-02,0.55,2.5500000000000003,3.0,1.0,2.0,1.0,531
240,2022-08-03,2.0,1.4500000000000002,2.0,0.45,1.55,2.0,531
241,2022-08-04,0.0,1.0,1.0,2.0,1.0,0.0,531
242,2022-08-05,1.0,0.45,1.0,1.55,3.0,0.45,531
243,2022-08-06,1.0,4.0,0.0,5.0,1.0,1.0,531
244,2022-08-07,0.55,2.0,2.0,1.55,1.4500000000000002,2.0,531
245,2022-08-01,0.0,0.0,0.0,0.0,0.0,0.0,533
246,2022-08-02,0.0,0.0,0.0,0.0,1.0,0.0,533
247,2022-08-03,0.0,0.0,0.0,0.0,0.0,0.0,533
248,2022-08-04,0.0,0.0,0.0,0.0,3.0,1.0,533
249,2022-08-05,0.0,0.0,0.0,0.0,0.55,1.0,533
250,2022-08-06,0.0,0.0,0.0,0.0,0.0,0.0,533
251,2022-08-07,0.0,0.0,0.0,0.0,0.0,1.0,533
266,2022-08-01,0.0,0.0,0.0,0.0,1.0,0.0,536
267,2022-08-02,1.0,1.4500000000000002,1.0,2.0,2.0,0.0,536
268,2022-08-03,0.0,2.0,1.0,0.55,2.0,1.0,536
269,2022-08-04,0.0,1.0,1.0,0.45,2.0,0.0,536
270,2022-08-05,1.0,0.0,0.0,1.0,1.0,0.0,536
271,2022-08-06,0.0,1.4500000000000002,1.0,2.45,0.45,0.0,536
272,2022-08-07,1.0,1.0,0.0,0.55,1.0,0.0,536
294,2022-08-01,0.0,0.0,0.0,0.0,0.0,0.0,542
295,2022-08-02,0.0,0.0,0.0,0.0,0.0,0.0,542
296,2022-08-03,0.0,0.0,0.0,0.0,0.0,0.0,542
297,2022-08-04,1.0,0.0,0.0,0.0,0.0,0.0,542
298,2022-08-05,0.0,1.0,0.0,0.0,0.0,0.0,542
299,2022-08-06,0.0,0.0,0.0,0.0,0.0,0.0,542
300,2022-08-07,0.0,0.0,0.0,0.0,1.0,0.0,542
322,2022-08-01,1.0,1.55,0.0,0.0,0.0,0.0,549
323,2022-08-02,3.0,1.0,1.55,3.0,1.0,4.0,549
324,2022-08-03,3.0,1.0,2.0,1.4500000000000002,3.45,0.0,549
325,2022-08-04,1.0,1.0,0.0,1.4500000000000002,2.0,2.0,549
326,2022-08-05,1.55,6.0,2.0,0.0,1.0,10.0,549
327,2022-08-06,0.0,4.0,1.0,0.0,1.0,1.0,549
328,2022-08-07,1.55,0.0,0.0,1.4500000000000002,0.0,1.0,549
329,2022-08-01,0.45,0.45,1.0,4.0,3.0,1.0,551
330,2022-08-02,-1.0,1.0,0.0,1.0,1.55,1.0,551
331,2022-08-03,0.0,1.55,1.0,1.0,1.0,1.0,551
332,2022-08-04,1.0,1.0,1.0,0.45,0.0,0.0,551
333,2022-08-05,2.0,2.0,2.0,3.0,1.0,1.4500000000000002,551
334,2022-08-06,2.0,0.0,4.0,1.0,0.55,1.0,551
335,2022-08-07,0.45,1.0,2.0,2.0,1.0,3.45,551
350,2022-08-01,2.0,2.0,0.0,1.0,1.0,1.0,556
351,2022-08-02,2.0,1.0,3.45,0.0,4.0,2.0,556
352,2022-08-03,1.0,0.0,1.0,1.0,2.0,4.45,556
353,2022-08-04,0.0,0.0,0.0,6.0,2.45,1.55,556
354,2022-08-05,4.0,1.0,3.0,2.0,1.0,3.0,556
355,2022-08-06,2.0,2.0,1.0,1.0,2.0,4.0,556
356,2022-08-07,3.0,1.4500000000000002,0.45,1.4500000000000002,2.0,2.5500000000000003,556
385,2022-08-01,1.0,1.4500000000000002,1.0,0.0,1.0,1.0,563
386,2022-08-02,3.0,0.0,0.0,1.0,0.0,0.0,563
387,2022-08-03,1.0,0.0,1.4500000000000002,0.0,0.0,0.45,563
388,2022-08-04,0.0,1.0,2.5500000000000003,0.0,0.45,0.0,563
389,2022-08-05,1.4500000000000002,0.0,1.0,1.0,1.0,0.0,563
390,2022-08-06,3.0,0.0,0.0,0.0,1.0,0.0,563
391,2022-08-07,1.0,0.0,1.4500000000000002,0.0,0.45,0.0,563
399,2022-08-01,1.0,1.0,0.0,3.0,0.0,0.0,569
400,2022-08-02,0.0,0.0,0.45,0.0,1.0,1.4500000000000002,569
401,2022-08-03,0.45,0.0,0.0,2.0,1.0,0.0,569
402,2022-08-04,0.0,0.0,3.0,0.0,2.0,0.45,569
403,2022-08-05,0.0,0.0,1.0,0.0,1.0,0.0,569
404,2022-08-06,0.0,0.0,2.0,3.0,0.0,0.0,569
405,2022-08-07,1.0,1.0,1.0,1.0,0.0,0.55,569
406,2022-08-01,1.55,1.55,1.0,6.0,6.0,6.0,570
407,2022-08-02,3.0,0.55,6.0,3.0,2.0,1.4500000000000002,570
408,2022-08-03,1.55,2.0,1.4500000000000002,2.0,1.0,0.55,570
409,2022-08-04,3.0,6.0,1.0,0.45,5.0,0.55,570
410,2022-08-05,1.55,3.0,0.0,1.0,1.4500000000000002,1.0,570
411,2022-08-06,3.0,0.55,6.0,4.0,2.0,1.0,570
412,2022-08-07,1.55,2.0,1.4500000000000002,6.0,4.0,0.55,570
420,2022-08-01,0.0,0.0,1.0,0.0,0.0,0.0,573
421,2022-08-02,0.0,0.0,0.55,0.0,0.0,1.0,573
422,2022-08-03,0.0,1.0,1.0,0.0,0.0,0.0,573
423,2022-08-04,0.0,0.0,1.0,0.0,0.0,0.55,573
424,2022-08-05,0.0,1.0,1.0,0.55,0.0,1.0,573
425,2022-08-06,1.0,0.0,0.0,1.0,0.0,0.0,573
426,2022-08-07,0.0,1.0,3.0,0.0,0.0,1.0,573
427,2022-08-01,0.0,0.0,0.0,2.0,2.0,2.0,574
428,2022-08-02,0.55,0.0,0.0,3.0,0.0,0.0,574
429,2022-08-03,0.0,0.0,0.0,0.0,0.0,0.0,574
430,2022-08-04,0.0,0.0,0.0,1.0,0.0,0.0,574
431,2022-08-05,0.0,0.0,1.0,2.0,0.0,0.0,574
432,2022-08-06,0.0,0.0,0.0,2.0,0.0,0.0,574
433,2022-08-07,0.0,0.0,2.0,2.0,2.0,0.0,574
0,2022-08-01,1.0,1.0,0.0,1.4500000000000002,4.0,0.45,150
1,2022-08-02,2.0,2.0,1.0,2.0,1.0,1.0,150
2,2022-08-03,1.0,5.0,2.0,2.0,0.0,2.0,150
3,2022-08-04,0.0,0.0,5.0,0.0,2.0,1.0,150
4,2022-08-05,1.0,0.0,0.0,0.0,1.0,0.0,150
5,2022-08-06,2.0,0.0,0.0,0.45,0.0,1.0,150
6,2022-08-07,1.0,0.0,0.0,0.0,0.55,1.0,150
0,2022-08-01,0.0,0.0,0.0,2.0,1.0,1.0,225
1,2022-08-02,1.0,0.0,1.55,1.0,1.0,1.0,225
2,2022-08-03,0.0,1.0,0.45,0.0,1.0,0.45,225
3,2022-08-04,0.0,0.0,2.0,1.0,0.0,0.45,225
4,2022-08-05,0.0,0.0,0.55,1.0,1.0,0.0,225
5,2022-08-06,2.0,1.55,1.0,1.0,1.0,1.0,225
6,2022-08-07,0.0,0.55,0.0,1.0,1.0,1.0,225
0,2022-08-01,0.45,0.0,0.0,1.0,1.0,0.0,7
1,2022-08-02,1.0,0.0,0.0,0.45,3.0,1.0,7
2,2022-08-03,3.0,0.0,0.0,0.0,0.0,0.0,7
3,2022-08-04,2.0,0.0,1.0,0.45,1.0,0.45,7
4,2022-08-05,1.0,0.0,5.0,1.4500000000000002,1.0,0.0,7
5,2022-08-06,0.0,0.0,0.0,1.0,1.0,1.0,7
6,2022-08-07,0.0,0.0,1.0,1.0,1.0,0.55,7
0,2022-08-01,1.0,1.0,0.0,0.0,0.0,0.0,132
1,2022-08-02,0.0,0.0,0.0,0.0,0.0,0.0,132
2,2022-08-03,0.0,0.0,0.0,0.0,0.0,0.0,132
3,2022-08-04,0.0,0.0,0.0,0.0,0.0,0.0,132
4,2022-08-05,0.0,0.0,0.0,0.0,0.0,0.0,132
5,2022-08-06,0.0,0.0,0.0,0.0,0.0,0.0,132
6,2022-08-07,0.0,0.0,0.0,0.0,0.0,0.0,132
0,2022-08-01,0.0,0.0,0.0,0.0,0.55,0.0,17
1,2022-08-02,1.0,1.0,0.0,1.0,1.0,2.0,17
2,2022-08-03,0.0,0.0,0.0,0.0,0.0,1.0,17
3,2022-08-04,1.0,1.0,0.0,2.0,2.0,0.0,17
4,2022-08-05,0.0,0.0,1.0,3.0,0.45,1.0,17
5,2022-08-06,1.0,1.0,0.0,2.0,2.0,0.0,17
6,2022-08-07,0.0,0.0,1.0,0.45,0.0,0.0,17
0,2022-08-01,3.0,2.0,5.0,5.0,5.0,2.0,79
1,2022-08-02,2.0,2.0,2.0,2.5500000000000003,3.0,4.0,79
2,2022-08-03,2.0,7.0,6.0,1.0,2.0,2.0,79
3,2022-08-04,2.0,5.0,3.45,5.0,6.0,2.5500000000000003,79
4,2022-08-05,2.0,2.0,2.0,4.45,4.0,2.0,79
5,2022-08-06,2.0,2.0,3.0,2.5500000000000003,2.0,2.0,79
6,2022-08-07,2.0,3.0,2.0,2.45,1.0,2.0,79
0,2022-08-01,0.55,0.0,1.0,0.0,0.0,1.0,174
1,2022-08-02,1.4500000000000002,1.4500000000000002,2.0,4.0,0.0,1.0,174
2,2022-08-03,4.0,0.45,0.55,1.0,1.0,1.0,174
3,2022-08-04,1.0,2.0,2.0,2.0,0.0,0.0,174
4,2022-08-05,1.4500000000000002,2.5500000000000003,1.0,0.55,1.0,3.0,174
5,2022-08-06,4.0,0.0,1.0,1.0,0.0,2.0,174
6,2022-08-07,1.0,2.0,1.0,1.0,1.0,2.0,174
0,2022-08-01,0.0,0.0,0.0,0.0,0.0,0.0,81
1,2022-08-02,1.0,0.0,0.0,1.0,0.0,0.0,81
2,2022-08-03,0.0,1.0,0.0,0.0,0.0,0.0,81
3,2022-08-04,0.0,0.0,0.0,0.0,0.0,0.0,81
4,2022-08-05,0.0,0.0,0.0,1.0,0.0,0.0,81
5,2022-08-06,1.0,0.0,0.0,0.0,1.0,0.55,81
6,2022-08-07,0.0,0.0,0.0,1.0,0.0,1.0,81
0,2022-08-01,1.0,1.0,0.0,0.0,1.0,1.0,225
1,2022-08-02,0.0,0.0,1.0,0.45,1.0,1.0,225
2,2022-08-03,1.0,2.0,1.0,1.0,1.0,0.0,225
3,2022-08-04,1.0,0.0,0.0,1.0,1.0,1.0,225
4,2022-08-05,0.0,0.0,2.0,0.0,1.0,1.0,225
5,2022-08-06,1.0,0.0,0.0,0.45,0.0,1.0,225
6,2022-08-07,3.0,1.0,0.0,1.0,2.0,0.0,225
0,2022-08-01,5.550000000000001,4.0,4.0,4.0,4.0,4.0,425
1,2022-08-02,3.5500000000000003,5.0,4.55,4.0,4.0,3.0,425
2,2022-08-03,1.0,8.0,5.0,5.0,8.0,2.0,425
3,2022-08-04,6.45,4.0,6.0,2.0,5.0,3.45,425
4,2022-08-05,8.0,4.0,4.0,8.0,4.45,1.55,425
5,2022-08-06,2.0,5.45,6.0,5.550000000000001,8.0,3.0,425
6,2022-08-07,5.0,1.4500000000000002,6.0,4.0,4.0,1.4500000000000002,425
0,2022-08-01,2.0,3.0,2.45,1.0,1.0,2.0,282
1,2022-08-02,2.0,2.0,3.0,7.450000000000001,7.0,2.5500000000000003,282
2,2022-08-03,2.5500000000000003,2.0,5.0,5.0,3.0,2.0,282
3,2022-08-04,3.0,5.45,1.0,3.0,6.45,2.0,282
4,2022-08-05,1.0,3.0,8.0,5.0,2.5500000000000003,2.0,282
5,2022-08-06,3.0,2.0,2.5500000000000003,2.0,2.45,3.0,282
6,2022-08-07,3.0,1.0,4.0,7.450000000000001,2.0,1.4500000000000002,282
0,2022-08-01,4.0,3.0,1.0,1.0,1.0,1.0,191
1,2022-08-02,3.0,1.0,2.0,0.0,0.0,2.0,191
2,2022-08-03,1.0,1.0,1.4500000000000002,0.45,1.0,1.0,191
3,2022-08-04,1.0,0.45,2.0,1.0,0.0,2.0,191
4,2022-08-05,2.0,3.0,1.0,1.0,2.0,1.0,191
5,2022-08-06,1.0,1.0,1.0,0.0,1.0,0.55,191
6,2022-08-07,1.0,0.55,1.0,2.0,1.0,1.0,191
0,2022-08-01,4.0,4.0,2.0,1.55,1.55,1.55,222
1,2022-08-02,1.55,1.55,1.0,3.0,0.0,4.0,222
2,2022-08-03,2.0,2.0,2.5500000000000003,1.0,2.0,5.0,222
3,2022-08-04,1.0,1.55,4.0,3.5500000000000003,2.45,2.0,222
4,2022-08-05,4.0,2.0,2.0,3.45,3.45,3.0,222
5,2022-08-06,1.55,3.0,2.0,2.5500000000000003,2.0,2.0,222
6,2022-08-07,4.0,3.0,1.0,1.55,0.0,3.45,222
0,2022-08-01,1.55,1.55,0.0,0.0,1.0,0.0,375
1,2022-08-02,0.0,0.0,4.0,0.0,0.55,1.0,375
2,2022-08-03,0.0,0.0,2.5500000000000003,2.0,0.55,0.55,375
3,2022-08-04,0.0,4.0,4.0,0.0,0.45,1.0,375
4,2022-08-05,2.0,1.0,0.45,1.0,1.0,1.0,375
5,2022-08-06,2.0,0.0,1.0,1.0,0.55,1.0,375
6,2022-08-07,0.45,0.0,2.0,2.0,1.0,2.0,375
0,2022-08-01,0.0,0.0,0.45,0.0,0.0,0.0,503
1,2022-08-02,1.0,1.55,2.0,2.0,1.0,0.45,503
2,2022-08-03,7.0,1.0,3.0,0.0,4.0,0.45,503
3,2022-08-04,1.0,0.45,0.0,1.55,2.0,0.55,503
4,2022-08-05,0.0,1.55,1.0,1.0,8.0,0.45,503
5,2022-08-06,1.0,0.0,0.0,0.0,3.0,1.0,503
6,2022-08-07,5.0,0.45,0.0,7.0,0.55,1.0,503
0,2022-08-01,1.0,1.0,3.0,1.0,1.0,0.0,261
1,2022-08-02,0.55,0.0,1.0,1.0,5.0,2.0,261
2,2022-08-03,1.0,1.0,1.4500000000000002,1.0,1.0,1.0,261
3,2022-08-04,0.55,2.0,1.0,1.4500000000000002,2.5500000000000003,1.4500000000000002,261
4,2022-08-05,0.55,1.0,1.0,1.0,1.0,1.0,261
5,2022-08-06,5.0,1.4500000000000002,1.0,3.0,0.0,1.0,261
6,2022-08-07,2.0,1.4500000000000002,1.0,1.0,1.0,1.0,261
0,2022-08-01,1.4500000000000002,0.0,1.4500000000000002,2.0,2.0,1.0,256
1,2022-08-02,2.0,1.4500000000000002,2.5500000000000003,1.55,2.0,3.0,256
2,2022-08-03,0.0,2.5500000000000003,2.0,1.0,2.45,0.45,256
3,2022-08-04,0.0,3.0,1.0,1.0,1.0,1.0,256
4,2022-08-05,1.55,1.4500000000000002,5.0,1.0,0.45,2.5500000000000003,256
5,2022-08-06,2.0,0.0,1.0,1.55,2.0,2.0,256
6,2022-08-07,2.0,1.55,0.45,1.0,1.0,1.55,256
0,2022-08-01,1.0,1.0,1.0,1.0,0.0,0.0,173
1,2022-08-02,0.0,1.0,1.0,0.45,1.0,0.0,173
2,2022-08-03,-0.45,0.45,0.0,0.55,0.45,0.55,173
3,2022-08-04,1.4500000000000002,0.55,0.0,0.0,3.0,0.0,173
4,2022-08-05,1.0,1.0,2.0,1.0,1.0,0.0,173
5,2022-08-06,0.0,1.55,1.0,0.0,0.0,1.0,173
6,2022-08-07,1.0,1.0,1.0,1.0,0.55,1.0,173
0,2022-08-01,1.0,1.0,1.0,0.45,1.55,2.0,442
1,2022-08-02,1.0,1.0,1.4500000000000002,3.0,1.0,1.55,442
2,2022-08-03,1.0,1.0,1.4500000000000002,2.0,6.0,2.45,442
3,2022-08-04,1.0,1.0,1.0,2.0,2.0,2.0,442
4,2022-08-05,1.0,1.0,4.0,3.0,2.45,3.0,442
5,2022-08-06,1.0,1.0,5.0,3.0,1.0,1.55,442
6,2022-08-07,1.0,1.0,1.0,2.0,2.0,2.0,442
0,2022-08-01,2.0,2.0,1.0,3.0,1.0,1.0,251
1,2022-08-02,0.0,1.0,2.45,2.0,0.0,0.0,251
2,2022-08-03,2.0,1.0,3.0,2.0,2.0,1.0,251
3,2022-08-04,0.0,0.0,3.0,2.45,0.0,1.0,251
4,2022-08-05,1.0,1.0,1.0,1.0,2.0,1.0,251
5,2022-08-06,0.0,0.55,1.55,2.5500000000000003,3.0,0.0,251
6,2022-08-07,2.0,1.0,1.0,2.0,1.0,1.0,251
0,2022-08-01,1.0,0.0,0.0,2.0,2.0,2.0,1
1,2022-08-02,1.0,1.0,1.0,0.55,2.5500000000000003,2.5500000000000003,1
2,2022-08-03,1.0,3.0,2.5500000000000003,1.55,2.0,0.45,1
3,2022-08-04,0.0,0.0,2.0,5.0,2.0,2.5500000000000003,1
4,2022-08-05,1.0,1.0,3.0,2.0,3.0,1.0,1
5,2022-08-06,1.0,2.45,1.0,1.0,0.45,0.55,1
6,2022-08-07,1.55,2.0,2.0,2.0,2.0,1.0,1
0,2022-08-01,0.55,1.0,0.55,0.0,0.0,0.0,345
1,2022-08-02,1.55,0.0,0.0,6.0,0.45,0.0,345
2,2022-08-03,1.0,0.0,4.0,2.0,0.0,1.0,345
3,2022-08-04,2.0,0.0,1.0,1.0,0.0,0.55,345
4,2022-08-05,1.0,1.0,0.0,0.0,0.0,0.0,345
5,2022-08-06,1.0,0.45,1.0,1.0,0.0,0.0,345
6,2022-08-07,0.0,0.0,3.0,0.0,0.0,0.0,345
0,2022-08-01,1.0,0.55,0.0,0.45,0.45,1.0,91
1,2022-08-02,1.0,0.0,0.0,1.0,1.0,1.0,91
2,2022-08-03,0.0,0.0,2.0,1.0,1.4500000000000002,2.45,91
3,2022-08-04,0.0,2.0,0.55,1.0,1.0,1.0,91
4,2022-08-05,0.0,0.0,2.0,0.0,1.0,1.0,91
5,2022-08-06,2.0,0.0,1.0,1.0,1.0,1.0,91
6,2022-08-07,0.55,0.0,0.45,0.45,4.0,1.0,91
0,2022-08-01,5.0,3.5500000000000003,1.0,1.0,1.0,0.0,193
1,2022-08-02,2.0,2.0,2.0,1.0,1.0,0.45,193
2,2022-08-03,1.55,1.4500000000000002,1.0,1.0,2.0,1.0,193
3,2022-08-04,1.0,3.0,-0.45,1.55,1.0,1.0,193
4,2022-08-05,2.0,2.0,2.0,0.45,0.0,1.0,193
5,2022-08-06,0.0,2.0,2.0,1.0,1.4500000000000002,1.0,193
6,2022-08-07,3.5500000000000003,1.0,1.0,1.0,2.0,2.0,193
0,2022-08-01,2.0,2.0,2.5500000000000003,2.5500000000000003,2.0,2.0,186
1,2022-08-02,2.0,3.0,0.55,3.0,8.0,1.0,186
2,2022-08-03,3.0,1.0,2.45,0.0,2.0,1.4500000000000002,186
3,2022-08-04,3.0,2.0,1.0,1.4500000000000002,1.0,3.0,186
4,2022-08-05,2.0,2.0,4.0,2.0,2.5500000000000003,3.0,186
5,2022-08-06,2.0,3.0,2.0,5.9,1.0,1.0,186
6,2022-08-07,2.0,1.0,2.5500000000000003,1.0,2.0,1.0,186
0,2022-08-01,1.0,1.0,1.0,1.0,1.0,2.0,445
1,2022-08-02,2.0,1.0,1.0,1.0,1.0,1.0,445
2,2022-08-03,0.0,1.0,0.0,1.0,0.0,0.0,445
3,2022-08-04,1.0,1.0,0.45,1.0,0.45,1.0,445
4,2022-08-05,2.0,1.0,1.0,1.0,0.0,0.0,445
5,2022-08-06,0.0,1.0,2.0,1.0,0.0,1.0,445
6,2022-08-07,1.0,0.0,0.0,1.0,0.0,0.0,445
0,2022-08-01,1.0,1.0,2.0,2.0,2.0,2.0,327
1,2022-08-02,3.0,1.0,2.0,2.0,1.55,1.0,327
2,2022-08-03,2.0,1.0,1.0,1.0,1.0,2.0,327
3,2022-08-04,2.5500000000000003,2.0,0.0,0.55,0.0,1.0,327
4,2022-08-05,0.0,2.0,1.0,1.55,1.0,3.0,327
5,2022-08-06,2.0,0.45,1.4500000000000002,2.0,4.0,2.0,327
6,2022-08-07,1.0,1.0,1.0,1.0,2.0,1.0,327
0,2022-08-01,0.0,0.0,0.0,0.0,0.0,0.0,228
1,2022-08-02,0.0,0.0,0.0,0.0,0.0,0.0,228
2,2022-08-03,0.0,0.0,0.0,0.0,0.0,0.0,228
3,2022-08-04,1.0,0.0,0.0,0.0,0.0,0.0,228
4,2022-08-05,0.0,0.0,0.0,0.0,0.0,0.0,228
5,2022-08-06,0.0,0.0,0.0,0.0,0.0,0.0,228
6,2022-08-07,0.0,0.0,0.0,0.0,0.0,0.0,228
0,2022-08-01,0.0,0.0,2.0,0.0,0.0,0.0,57
1,2022-08-02,0.0,0.0,0.0,0.55,0.0,0.0,57
2,2022-08-03,0.0,0.0,2.0,1.0,1.0,0.0,57
3,2022-08-04,0.0,0.45,0.0,0.0,0.0,0.0,57
4,2022-08-05,0.0,0.0,0.0,0.0,0.0,0.0,57
5,2022-08-06,0.0,2.0,0.0,1.0,0.0,0.0,57
6,2022-08-07,0.0,0.0,1.55,0.0,0.0,0.0,57
0,2022-08-01,0.45,1.0,1.0,1.0,4.0,0.45,113
1,2022-08-02,1.0,1.0,1.0,4.0,2.5500000000000003,0.45,113
2,2022-08-03,1.0,1.0,1.0,1.0,2.0,1.0,113
3,2022-08-04,2.0,2.0,1.0,1.0,1.0,1.0,113
4,2022-08-05,1.0,0.45,0.45,1.0,1.4500000000000002,0.55,113
5,2022-08-06,1.0,-0.55,0.45,1.0,1.0,0.0,113
6,2022-08-07,1.0,0.0,0.45,4.0,0.0,0.55,113
0,2022-08-01,0.45,0.45,0.45,0.0,0.55,5.0,459
1,2022-08-02,1.0,3.0,3.0,2.0,2.0,2.0,459
2,2022-08-03,1.0,0.0,1.0,2.0,1.0,1.0,459
3,2022-08-04,2.0,1.0,1.0,1.55,5.0,3.0,459
4,2022-08-05,1.0,1.0,0.0,0.55,2.0,1.0,459
5,2022-08-06,2.0,-0.45,2.0,0.0,2.0,1.0,459
6,2022-08-07,0.0,1.4500000000000002,1.0,4.0,2.0,1.0,459
0,2022-08-01,0.55,-0.45,0.0,0.0,0.0,9.0,82
1,2022-08-02,3.0,0.0,0.0,9.0,0.55,1.0,82
2,2022-08-03,2.0,1.0,0.0,2.0,9.0,1.4500000000000002,82
3,2022-08-04,9.0,1.0,3.0,4.0,2.0,2.0,82
4,2022-08-05,2.0,9.0,9.0,1.0,4.0,9.0,82
5,2022-08-06,4.0,2.0,2.0,0.0,1.4500000000000002,0.45,82
6,2022-08-07,0.0,4.0,4.0,0.0,0.0,1.0,82
0,2022-08-01,1.0,1.0,2.0,3.0,4.0,3.0,146
1,2022-08-02,2.0,0.55,3.0,1.0,4.0,1.0,146
2,2022-08-03,0.0,1.0,3.0,1.4500000000000002,4.0,0.0,146
3,2022-08-04,2.0,0.0,3.0,1.0,1.0,0.0,146
4,2022-08-05,-0.55,3.0,3.0,0.55,2.0,0.0,146
5,2022-08-06,1.0,1.0,3.0,2.0,2.0,0.45,146
6,2022-08-07,1.0,0.0,3.0,0.0,1.0,0.0,146
0,2022-08-01,0.0,0.0,0.0,0.0,0.0,0.55,160
1,2022-08-02,0.0,0.0,0.0,0.55,2.0,0.45,160
2,2022-08-03,0.0,0.0,0.0,0.0,0.0,0.0,160
3,2022-08-04,0.0,0.0,0.0,0.0,0.55,0.0,160
4,2022-08-05,0.0,0.0,1.0,0.0,1.0,1.0,160
5,2022-08-06,0.0,1.0,1.0,0.0,0.0,1.0,160
6,2022-08-07,1.0,0.0,0.0,0.0,0.55,1.0,160
0,2022-08-01,1.0,0.55,0.0,1.0,2.0,1.0,21
1,2022-08-02,2.0,0.45,2.0,0.55,2.0,1.0,21
2,2022-08-03,3.0,1.0,2.5500000000000003,1.0,1.0,3.0,21
3,2022-08-04,1.0,0.0,0.0,2.0,2.0,1.4500000000000002,21
4,2022-08-05,1.0,1.0,1.4500000000000002,1.4500000000000002,0.0,4.0,21
5,2022-08-06,2.0,0.55,1.0,2.0,2.0,0.0,21
6,2022-08-07,3.0,2.45,0.0,2.0,1.4500000000000002,2.0,21
0,2022-08-01,0.0,0.0,0.0,0.0,0.0,0.0,157
1,2022-08-02,0.0,0.0,0.0,0.0,0.0,0.0,157
2,2022-08-03,0.0,2.0,0.0,0.0,0.0,0.0,157
3,2022-08-04,0.0,0.0,0.0,0.0,0.0,0.0,157
4,2022-08-05,0.0,0.0,0.0,0.0,0.0,0.0,157
5,2022-08-06,0.0,0.0,0.0,0.0,0.0,0.0,157
6,2022-08-07,0.0,0.0,0.0,0.0,0.0,0.0,157
0,2022-08-01,0.0,3.0,1.0,1.0,2.5500000000000003,0.45,448
1,2022-08-02,0.0,0.55,1.0,0.0,1.0,0.0,448
2,2022-08-03,0.0,2.0,1.0,1.0,1.0,1.0,448
3,2022-08-04,0.0,1.0,1.0,4.0,2.0,0.45,448
4,2022-08-05,0.0,3.0,3.0,0.0,2.0,1.0,448
5,2022-08-06,0.0,0.0,1.0,2.0,1.4500000000000002,0.45,448
6,2022-08-07,0.0,0.0,1.0,3.45,0.45,2.0,448
0,2022-08-01,3.0,3.0,4.0,4.0,4.0,0.0,26
1,2022-08-02,0.55,1.0,1.4500000000000002,4.0,1.55,3.0,26
2,2022-08-03,5.0,3.0,4.0,2.5500000000000003,1.0,2.0,26
3,2022-08-04,2.45,2.0,2.0,5.0,5.45,4.45,26
4,2022-08-05,3.0,3.5500000000000003,4.0,2.0,2.0,3.5500000000000003,26
5,2022-08-06,0.55,1.0,2.0,2.45,3.0,3.0,26
6,2022-08-07,5.0,7.0,3.0,1.55,1.0,2.0,26
0,2022-08-01,,,,,,,73
1,2022-08-02,,,,,,,73
2,2022-08-03,,,,,,,73
3,2022-08-04,,,,,,,73
4,2022-08-05,,,,,,,73
5,2022-08-06,,,,,,,73
6,2022-08-07,,,,,,,73
0,2022-08-01,2.0,1.0,1.0,2.45,2.45,2.45,428
1,2022-08-02,2.0,3.0,2.5500000000000003,3.45,4.0,2.5500000000000003,428
2,2022-08-03,1.4500000000000002,1.0,1.0,6.0,2.0,7.0,428
3,2022-08-04,1.0,1.55,1.0,3.0,3.0,1.0,428
4,2022-08-05,1.0,5.45,6.0,2.45,1.4500000000000002,2.0,428
5,2022-08-06,5.0,1.0,2.45,4.0,5.0,1.4500000000000002,428
6,2022-08-07,0.0,1.0,2.5500000000000003,2.45,2.45,5.0,428
0,2022-08-01,0.0,0.0,0.0,0.0,0.0,1.0,163
1,2022-08-02,0.0,0.0,0.0,1.0,0.0,0.0,163
2,2022-08-03,0.0,0.0,0.0,0.0,0.0,0.0,163
3,2022-08-04,0.0,1.0,0.0,0.0,0.0,0.0,163
4,2022-08-05,0.0,0.0,0.0,0.0,0.0,0.0,163
5,2022-08-06,0.0,0.0,0.0,0.0,0.0,0.0,163
6,2022-08-07,1.0,1.0,0.0,0.0,0.0,0.0,163
0,2022-08-01,0.0,0.0,1.0,0.0,0.0,0.0,228
2,2022-08-03,0.0,0.0,0.0,0.0,0.0,1.0,228
0,2022-08-01,0.0,0.0,0.0,0.0,2.0,0.0,177
1,2022-08-02,0.0,0.0,0.0,0.0,0.0,0.0,177
2,2022-08-03,0.0,0.0,2.0,0.0,1.0,0.0,177
3,2022-08-04,0.0,1.0,0.0,0.0,0.0,0.0,177
4,2022-08-05,0.0,0.0,1.0,1.0,0.0,0.0,177
5,2022-08-06,0.0,0.0,0.0,0.0,0.0,0.0,177
6,2022-08-07,0.0,0.0,0.0,2.0,0.0,0.0,177
0,2022-08-01,2.0,0.0,3.0,2.0,2.0,2.0,259
1,2022-08-02,0.0,1.0,1.0,1.4500000000000002,1.0,1.4500000000000002,259
2,2022-08-03,0.0,3.0,1.0,0.55,1.0,1.4500000000000002,259
3,2022-08-04,3.0,3.0,3.0,3.0,3.0,4.0,259
4,2022-08-05,2.0,3.0,3.0,1.55,2.0,3.5500000000000003,259
5,2022-08-06,1.0,3.0,1.0,3.0,1.0,1.0,259
6,2022-08-07,2.0,3.0,1.0,3.0,0.55,0.55,259
0,2022-08-01,2.0,2.0,1.4500000000000002,1.4500000000000002,1.0,1.0,16
1,2022-08-02,2.0,4.0,1.0,2.0,3.5500000000000003,2.0,16
2,2022-08-03,1.0,2.0,2.0,1.0,2.5500000000000003,5.0,16
3,2022-08-04,2.0,7.0,2.0,4.55,3.0,2.45,16
4,2022-08-05,2.0,2.0,1.55,2.0,3.0,2.45,16
5,2022-08-06,4.0,1.55,1.0,3.0,4.0,4.0,16
6,2022-08-07,4.0,1.4500000000000002,1.4500000000000002,1.0,2.45,1.0,16
0,2022-08-01,2.0,0.45,0.45,3.0,2.45,0.45,572
1,2022-08-02,1.0,1.0,1.55,0.0,1.0,3.0,572
2,2022-08-03,0.45,1.0,0.0,1.0,3.0,1.0,572
3,2022-08-04,0.55,3.0,0.0,0.0,0.0,2.0,572
4,2022-08-05,1.0,0.45,1.0,2.0,2.0,1.4500000000000002,572
5,2022-08-06,4.0,1.0,2.0,0.0,2.45,2.0,572
6,2022-08-07,0.45,2.0,3.0,1.0,1.0,5.0,572
0,2022-08-01,1.0,1.0,1.0,1.0,1.55,2.0,333
1,2022-08-02,1.0,0.0,1.0,1.0,1.55,1.0,333
2,2022-08-03,1.0,1.0,2.0,2.0,2.5500000000000003,1.0,333
3,2022-08-04,1.0,1.0,1.0,1.0,4.55,1.0,333
4,2022-08-05,1.0,3.0,2.0,0.55,1.0,1.0,333
5,2022-08-06,1.0,2.0,1.0,3.0,3.0,2.0,333
6,2022-08-07,1.0,1.0,2.5500000000000003,2.0,2.0,1.0,333
0,2022-08-01,0.0,0.0,0.0,0.45,1.0,1.0,272
1,2022-08-02,0.0,0.0,1.0,0.0,1.0,1.0,272
2,2022-08-03,1.0,0.0,1.0,0.0,0.0,1.0,272
3,2022-08-04,0.0,0.0,1.0,0.0,1.0,1.0,272
4,2022-08-05,1.0,0.0,1.0,1.0,1.0,0.0,272
5,2022-08-06,0.0,0.0,0.0,0.0,0.0,1.0,272
6,2022-08-07,-0.45,0.0,0.0,3.0,1.0,1.0,272
0,2022-08-01,1.0,0.0,1.0,1.0,2.0,1.0,366
1,2022-08-02,0.0,1.0,3.0,1.0,0.45,3.0,366
2,2022-08-03,1.0,2.0,0.0,0.55,1.0,1.0,366
3,2022-08-04,1.0,0.0,1.0,3.0,2.5500000000000003,1.4500000000000002,366
4,2022-08-05,1.0,0.0,2.45,1.0,2.0,1.0,366
5,2022-08-06,-1.0,2.0,3.0,0.0,0.0,1.0,366
6,2022-08-07,2.0,1.0,2.0,1.0,1.0,1.0,366
0,2022-08-01,0.0,1.0,1.0,0.0,0.0,0.0,51
1,2022-08-02,0.0,0.0,0.0,0.0,0.0,0.0,51
2,2022-08-03,0.0,0.0,0.0,0.0,0.0,0.0,51
3,2022-08-04,0.0,0.55,0.0,1.0,0.0,0.0,51
4,2022-08-05,1.0,1.0,1.0,0.0,0.0,0.0,51
5,2022-08-06,0.0,1.0,0.0,0.0,1.0,0.0,51
6,2022-08-07,0.0,1.0,0.0,0.0,0.0,0.0,51
0,2022-08-01,0.0,0.0,0.0,0.0,0.0,0.0,234
1,2022-08-02,1.0,0.0,0.0,0.0,0.0,0.0,234
2,2022-08-03,0.0,1.0,0.0,1.0,0.0,0.0,234
3,2022-08-04,0.0,0.0,1.0,0.0,0.0,0.0,234
4,2022-08-05,1.0,0.0,1.0,0.0,0.0,0.0,234
5,2022-08-06,0.0,0.0,1.0,0.0,0.0,0.0,234
6,2022-08-07,0.0,1.0,0.0,1.0,0.0,0.0,234
0,2022-08-01,2.0,0.0,0.0,0.0,0.45,0.55,56
1,2022-08-02,-0.55,3.0,1.0,1.4500000000000002,1.0,1.0,56
2,2022-08-03,1.0,0.0,1.0,3.0,1.0,3.0,56
3,2022-08-04,3.0,0.0,0.0,2.0,0.0,2.5500000000000003,56
4,2022-08-05,0.0,1.0,0.55,1.0,1.0,2.0,56
5,2022-08-06,3.0,0.0,2.0,2.5500000000000003,2.5500000000000003,1.0,56
6,2022-08-07,1.0,3.0,0.55,1.0,3.45,2.0,56
0,2022-08-01,2.0,1.0,1.0,1.0,1.0,0.55,377
1,2022-08-02,2.0,1.0,2.0,0.0,1.0,2.45,377
2,2022-08-03,2.0,0.0,2.5500000000000003,1.0,1.0,2.45,377
3,2022-08-04,1.0,1.0,1.0,1.0,1.0,4.0,377
4,2022-08-05,3.0,1.0,1.0,1.4500000000000002,2.0,5.0,377
5,2022-08-06,1.0,2.0,3.0,3.0,1.0,2.0,377
6,2022-08-07,2.0,1.0,1.0,1.0,2.0,1.0,377
0,2022-08-01,,,,,,,254
1,2022-08-02,,,,,,,254
2,2022-08-03,,,,,,,254
3,2022-08-04,,,,,,,254
4,2022-08-05,,,,,,,254
5,2022-08-06,,,,,,,254
6,2022-08-07,,,,,,,254
0,2022-08-01,0.45,0.0,1.0,1.0,1.0,1.0,322
1,2022-08-02,2.0,2.0,1.0,1.0,0.0,2.0,322
2,2022-08-03,0.0,0.0,1.0,1.0,2.0,1.0,322
3,2022-08-04,1.0,2.0,0.0,0.45,1.0,2.0,322
4,2022-08-05,0.0,0.0,1.0,1.0,2.0,1.0,322
5,2022-08-06,2.0,2.0,0.55,1.4500000000000002,1.0,2.0,322
6,2022-08-07,0.0,1.0,2.0,1.0,2.5500000000000003,1.0,322
0,2022-08-01,0.0,0.0,0.0,0.0,0.0,0.0,32
1,2022-08-02,1.4500000000000002,1.0,2.0,1.0,1.0,0.0,32
2,2022-08-03,0.0,0.0,0.0,1.0,0.0,0.0,32
3,2022-08-04,0.45,1.0,1.0,1.0,0.0,0.0,32
4,2022-08-05,0.0,0.0,0.55,4.0,1.0,1.0,32
5,2022-08-06,2.0,1.0,0.0,1.0,0.0,1.0,32
6,2022-08-07,0.0,0.0,0.0,2.0,0.0,0.0,32
1,2022-08-02,0.0,0.0,0.0,0.0,0.0,1.0,234
2,2022-08-03,1.0,1.0,0.0,1.0,0.0,1.0,234
3,2022-08-04,0.0,0.0,0.0,1.0,0.0,1.0,234
4,2022-08-05,0.0,1.0,0.0,0.45,2.0,0.0,234
5,2022-08-06,0.0,0.0,0.0,0.0,1.0,0.0,234
6,2022-08-07,1.0,0.0,0.0,1.0,0.0,0.0,234
0,2022-08-01,0.45,0.0,0.0,0.0,0.0,1.0,187
1,2022-08-02,1.0,1.0,1.0,0.0,0.0,0.0,187
2,2022-08-03,0.0,0.0,0.0,0.0,0.0,1.0,187
3,2022-08-04,1.0,0.0,1.0,1.0,1.0,0.0,187
4,2022-08-05,0.0,1.0,0.0,0.0,0.0,0.0,187
5,2022-08-06,0.0,0.0,0.0,0.45,1.0,1.0,187
6,2022-08-07,1.0,1.0,1.0,1.0,1.0,0.0,187
0,2022-08-01,0.55,0.55,1.0,0.0,0.0,0.0,81
1,2022-08-02,0.0,0.0,0.0,0.0,0.0,0.0,81
2,2022-08-03,1.0,0.0,0.0,0.0,0.0,0.0,81
3,2022-08-04,0.0,1.0,0.0,0.0,0.0,0.0,81
4,2022-08-05,0.0,0.0,0.0,0.0,0.0,0.0,81
5,2022-08-06,0.0,0.0,0.0,0.0,0.0,0.0,81
6,2022-08-07,0.0,0.0,0.0,0.0,0.0,1.0,81
0,2022-08-01,1.0,1.0,0.0,1.0,2.0,1.0,96
1,2022-08-02,0.0,1.0,1.0,0.0,0.0,0.0,96
2,2022-08-03,0.55,2.0,0.0,0.0,0.0,0.45,96
3,2022-08-04,0.0,0.0,0.0,1.4500000000000002,0.0,1.0,96
4,2022-08-05,1.0,2.0,0.55,2.0,0.0,0.0,96
5,2022-08-06,0.0,0.45,0.0,0.0,1.0,0.0,96
6,2022-08-07,1.0,2.0,0.0,1.0,0.0,1.0,96
0,2022-08-01,1.0,1.0,0.0,0.0,0.0,0.0,280
1,2022-08-02,0.0,0.0,3.0,0.0,0.0,1.0,280
2,2022-08-03,0.0,0.0,0.0,0.0,0.0,0.0,280
3,2022-08-04,2.0,0.0,2.0,0.0,0.0,0.0,280
4,2022-08-05,0.0,0.0,2.0,0.0,0.0,0.0,280
5,2022-08-06,0.0,0.0,0.0,0.0,0.0,0.0,280
6,2022-08-07,0.0,0.0,2.0,0.0,0.0,0.0,280
0,2022-08-01,2.0,2.0,1.55,1.0,1.0,1.0,33
1,2022-08-02,0.0,5.0,1.0,1.0,0.0,1.0,33
2,2022-08-03,1.0,0.0,1.0,1.0,1.0,2.0,33
3,2022-08-04,0.0,0.0,1.0,1.0,1.0,1.0,33
4,2022-08-05,1.0,0.0,5.0,0.0,1.0,1.0,33
5,2022-08-06,1.0,0.55,0.0,0.55,1.55,0.55,33
6,2022-08-07,1.0,1.0,1.0,1.0,1.0,1.4500000000000002,33
0,2022-08-01,3.0,1.55,1.4500000000000002,2.0,2.0,1.4500000000000002,409
1,2022-08-02,1.0,0.45,0.0,1.0,1.4500000000000002,0.0,409
2,2022-08-03,1.0,0.0,0.0,1.0,0.0,0.0,409
3,2022-08-04,5.0,1.0,0.55,0.0,0.0,0.0,409
4,2022-08-05,0.0,3.5500000000000003,1.0,3.0,1.4500000000000002,1.0,409
5,2022-08-06,0.0,0.0,2.0,0.0,0.55,1.0,409
6,2022-08-07,3.0,0.0,0.0,1.55,0.0,1.0,409
0,2022-08-01,2.0,2.0,2.0,0.0,0.0,0.0,75
1,2022-08-02,0.0,2.0,0.55,0.0,0.0,1.0,75
2,2022-08-03,0.0,2.0,3.0,0.0,0.0,1.0,75
3,2022-08-04,2.0,2.0,0.0,0.0,0.0,0.0,75
4,2022-08-05,0.0,2.0,0.0,0.0,0.0,0.0,75
5,2022-08-06,0.0,0.0,0.0,0.0,0.0,0.55,75
6,2022-08-07,2.0,1.0,0.0,0.0,0.0,0.0,75
0,2022-08-01,0.0,0.0,1.0,1.0,1.0,6.0,46
1,2022-08-02,-1.0,0.0,1.0,2.0,1.0,2.0,46
2,2022-08-03,-1.0,2.0,6.0,1.0,1.0,1.0,46
3,2022-08-04,-1.0,0.0,2.0,1.4500000000000002,0.55,1.0,46
4,2022-08-05,-1.0,1.0,2.0,6.0,1.0,1.0,46
5,2022-08-06,-1.0,6.0,2.0,1.4500000000000002,2.0,1.55,46
6,2022-08-07,-1.0,2.0,1.0,1.0,2.0,1.55,46
0,2022-08-01,0.0,0.0,0.0,0.0,0.0,1.0,452
1,2022-08-02,-0.55,0.55,0.45,1.0,0.0,0.55,452
2,2022-08-03,1.0,0.0,3.0,0.55,1.0,1.0,452
3,2022-08-04,1.0,0.0,1.0,2.0,0.0,1.0,452
4,2022-08-05,0.0,0.45,0.0,0.55,0.0,0.0,452
5,2022-08-06,1.0,0.0,0.0,0.0,0.0,4.0,452
6,2022-08-07,0.0,0.0,0.0,1.0,2.45,0.0,452
0,2022-08-01,0.0,0.0,0.0,0.0,0.0,0.0,215
1,2022-08-02,0.0,0.0,0.0,0.0,0.0,0.0,215
2,2022-08-03,0.0,0.0,0.0,0.0,0.0,0.0,215
3,2022-08-04,0.0,0.0,0.0,0.0,0.0,0.0,215
4,2022-08-05,0.0,0.0,0.0,1.0,0.0,0.0,215
5,2022-08-06,0.0,0.0,0.0,1.0,0.0,0.0,215
6,2022-08-07,0.0,0.0,0.0,0.0,0.0,0.0,215
0,2022-08-01,1.0,2.0,1.4500000000000002,0.45,2.0,3.0,246
1,2022-08-02,2.0,1.0,4.0,2.0,2.0,1.4500000000000002,246
2,2022-08-03,1.0,3.0,1.4500000000000002,1.4500000000000002,1.0,1.4500000000000002,246
3,2022-08-04,2.0,5.0,2.45,1.0,0.0,1.0,246
4,2022-08-05,1.0,4.0,6.0,1.0,2.5500000000000003,1.4500000000000002,246
5,2022-08-06,3.0,4.0,2.5500000000000003,2.5500000000000003,1.0,6.0,246
6,2022-08-07,2.0,4.0,2.0,2.0,2.0,2.45,246
0,2022-08-01,2.0,1.0,1.0,1.0,1.0,1.0,118
1,2022-08-02,-0.55,0.0,1.0,1.0,1.0,1.55,118
2,2022-08-03,0.0,0.0,0.0,0.55,0.0,0.55,118
3,2022-08-04,1.0,1.0,4.0,0.0,0.0,0.0,118
4,2022-08-05,1.0,0.0,0.55,0.0,0.0,0.0,118
5,2022-08-06,3.0,4.0,0.0,0.0,1.0,2.5500000000000003,118
6,2022-08-07,-0.55,0.0,1.0,0.0,1.0,1.0,118
0,2022-08-01,1.0,1.0,1.0,1.0,1.0,1.0,386
1,2022-08-02,1.0,1.0,0.0,1.0,1.4500000000000002,1.0,386
2,2022-08-03,1.0,3.0,1.0,0.0,1.0,1.0,386
3,2022-08-04,1.0,1.0,0.0,3.45,1.0,1.4500000000000002,386
4,2022-08-05,1.0,0.0,3.45,0.0,0.55,1.55,386
5,2022-08-06,1.0,1.0,0.0,1.0,0.0,1.0,386
6,2022-08-07,1.0,1.0,1.0,1.0,1.55,1.0,386
0,2022-08-01,0.45,0.45,0.0,0.0,0.0,0.55,272
1,2022-08-02,0.0,1.0,1.0,0.0,0.0,1.0,272
2,2022-08-03,0.0,0.0,1.0,0.0,1.0,3.0,272
3,2022-08-04,1.0,1.0,1.0,0.0,0.55,0.0,272
4,2022-08-05,0.0,0.0,0.0,0.0,1.0,1.4500000000000002,272
6,2022-08-07,0.45,0.0,1.0,0.0,0.0,1.0,272
0,2022-08-01,0.0,0.0,1.0,1.0,0.0,1.0,159
1,2022-08-02,3.0,1.55,0.0,1.0,0.55,1.0,159
2,2022-08-03,1.0,1.0,1.0,1.0,0.45,0.45,159
3,2022-08-04,0.0,0.0,0.0,2.0,0.0,1.0,159
4,2022-08-05,1.0,0.0,0.0,0.0,0.0,0.45,159
5,2022-08-06,-0.55,0.55,1.0,0.0,1.4500000000000002,0.0,159
6,2022-08-07,0.0,1.0,0.0,1.0,1.0,1.0,159
0,2022-08-01,0.0,0.0,0.0,0.0,0.0,0.0,407
1,2022-08-02,0.0,0.0,0.0,0.0,0.0,0.0,407
2,2022-08-03,0.0,0.0,0.0,0.0,0.0,0.0,407
3,2022-08-04,0.0,0.0,0.0,1.0,0.0,0.0,407
4,2022-08-05,0.0,0.0,0.0,0.0,0.0,0.0,407
5,2022-08-06,0.0,0.0,0.0,0.0,0.0,0.0,407
6,2022-08-07,0.0,0.0,0.0,0.0,0.0,0.0,407
0,2022-08-01,0.55,0.55,0.0,0.0,1.0,1.0,151
1,2022-08-02,1.0,0.0,0.0,1.0,0.0,0.0,151
2,2022-08-03,0.55,1.0,1.0,0.0,0.45,2.0,151
3,2022-08-04,0.0,1.0,3.0,0.0,0.0,1.55,151
4,2022-08-05,0.0,4.0,2.0,1.0,8.0,1.0,151
5,2022-08-06,1.0,0.55,0.55,3.5500000000000003,3.0,1.0,151
6,2022-08-07,0.0,2.0,1.55,4.0,2.0,2.0,151
0,2022-08-01,0.0,0.0,0.0,0.0,0.0,0.0,408
1,2022-08-02,0.0,0.0,1.0,0.0,0.0,1.0,408
2,2022-08-03,0.0,0.0,0.0,0.0,0.0,0.0,408
3,2022-08-04,0.0,0.0,1.0,0.0,0.0,0.0,408
4,2022-08-05,0.0,0.0,0.0,0.0,0.0,0.0,408
5,2022-08-06,0.0,0.0,1.0,0.0,0.0,0.0,408
6,2022-08-07,0.0,0.0,0.0,0.0,0.0,0.0,408
0,2022-08-01,0.0,0.0,1.0,1.0,1.55,0.0,30
1,2022-08-02,1.0,3.0,1.0,2.0,2.0,1.4500000000000002,30
2,2022-08-03,2.45,0.45,3.0,1.0,1.0,3.0,30
3,2022-08-04,0.0,1.0,0.0,1.0,2.0,1.0,30
4,2022-08-05,0.0,0.55,1.0,2.0,4.0,0.0,30
5,2022-08-06,1.0,1.0,1.0,0.0,2.45,0.45,30
6,2022-08-07,2.45,2.45,1.0,1.55,2.0,1.4500000000000002,30
0,2022-08-01,2.5500000000000003,2.0,1.0,4.0,4.55,6.0,282
1,2022-08-02,1.4500000000000002,3.0,2.0,7.0,3.0,2.0,282
2,2022-08-03,2.0,2.0,1.0,3.0,2.5500000000000003,2.0,282
3,2022-08-04,0.0,8.0,1.55,3.0,4.0,2.0,282
4,2022-08-05,2.0,1.55,3.0,2.0,2.5500000000000003,2.0,282
5,2022-08-06,4.0,8.0,1.0,2.5500000000000003,3.5500000000000003,3.5500000000000003,282
6,2022-08-07,3.0,1.55,2.45,2.0,2.0,3.0,282
0,2022-08-01,2.0,0.0,0.0,2.0,2.0,1.55,122
1,2022-08-02,1.55,5.0,0.0,1.0,2.0,1.55,122
2,2022-08-03,0.0,2.0,2.45,1.0,4.0,1.0,122
3,2022-08-04,0.0,2.0,1.0,0.55,1.0,1.0,122
4,2022-08-05,5.0,0.0,2.0,0.55,3.5500000000000003,1.0,122
5,2022-08-06,1.0,5.0,2.0,1.55,1.0,2.0,122
6,2022-08-07,1.55,2.0,3.45,1.0,1.0,1.0,122
0,2022-08-01,0.0,0.0,0.0,0.0,0.0,0.0,397
1,2022-08-02,0.0,0.0,0.0,0.0,0.0,0.0,397
2,2022-08-03,0.0,0.0,0.0,0.0,0.0,0.0,397
3,2022-08-04,0.0,0.0,0.0,0.0,0.0,0.0,397
4,2022-08-05,0.0,0.0,0.0,0.0,0.0,0.0,397
5,2022-08-06,0.0,0.0,0.0,0.0,0.0,0.0,397
6,2022-08-07,0.0,0.0,0.0,0.0,0.0,0.0,397
0,2022-08-01,2.0,3.5500000000000003,6.0,5.0,5.0,6.0,268
1,2022-08-02,4.0,2.0,2.5500000000000003,0.55,2.5500000000000003,2.0,268
2,2022-08-03,5.0,2.0,2.0,1.55,2.5500000000000003,2.0,268
3,2022-08-04,2.0,2.0,1.55,3.5500000000000003,2.0,1.4500000000000002,268
4,2022-08-05,2.0,1.55,2.0,1.0,1.4500000000000002,4.0,268
5,2022-08-06,3.5500000000000003,5.0,4.0,2.0,2.0,4.0,268
6,2022-08-07,2.0,2.0,0.0,5.0,6.0,3.0,268
0,2022-08-01,1.0,1.0,0.0,1.0,1.4500000000000002,1.0,374
1,2022-08-02,-1.0,1.0,0.55,2.45,2.5500000000000003,0.0,374
2,2022-08-03,0.0,1.0,0.0,0.55,1.4500000000000002,0.0,374
3,2022-08-04,-1.0,2.0,1.0,2.0,1.0,1.0,374
4,2022-08-05,0.0,0.0,3.0,2.0,0.0,0.0,374
5,2022-08-06,1.0,0.55,4.0,4.0,0.0,0.0,374
6,2022-08-07,1.0,2.0,0.0,2.0,0.0,1.0,374
0,2022-08-01,0.45,0.45,0.0,0.0,2.0,2.0,343
1,2022-08-02,4.0,5.0,0.0,3.5500000000000003,0.0,1.0,343
2,2022-08-03,3.0,2.0,0.55,2.0,1.0,1.0,343
3,2022-08-04,1.0,1.0,2.5500000000000003,0.0,1.4500000000000002,1.0,343
4,2022-08-05,3.0,2.5500000000000003,2.45,3.0,2.0,0.55,343
5,2022-08-06,0.45,4.0,0.0,2.0,0.0,0.45,343
6,2022-08-07,4.0,1.0,0.0,0.0,1.0,1.0,343
0,2022-08-01,3.0,3.0,6.0,5.0,3.0,3.0,22
1,2022-08-02,1.0,2.0,7.0,2.45,0.45,2.0,22
2,2022-08-03,2.0,8.0,5.0,3.0,0.0,4.45,22
3,2022-08-04,1.0,6.0,2.0,3.0,2.0,0.0,22
4,2022-08-05,8.0,2.0,2.5500000000000003,3.0,0.55,1.0,22
5,2022-08-06,3.0,2.0,1.0,1.0,2.0,2.45,22
6,2022-08-07,1.0,2.0,1.0,1.0,2.0,5.0,22
0,2022-08-01,0.0,0.0,0.0,1.0,-1.0,2.0,260
1,2022-08-02,1.0,1.0,1.0,5.0,1.0,0.55,260
2,2022-08-03,2.0,2.0,1.0,2.0,2.45,1.0,260
3,2022-08-04,3.0,2.0,1.0,1.4500000000000002,1.0,2.0,260
4,2022-08-05,0.0,2.5500000000000003,0.0,5.0,0.55,2.45,260
5,2022-08-06,1.0,1.4500000000000002,0.0,-1.0,6.0,3.0,260
6,2022-08-07,3.0,0.55,1.0,3.0,1.55,1.0,260
0,2022-08-01,2.0,1.55,3.0,3.0,3.0,2.0,77
1,2022-08-02,0.0,0.55,1.0,1.0,0.0,0.0,77
2,2022-08-03,0.0,3.0,1.0,2.5500000000000003,0.0,1.0,77
3,2022-08-04,0.0,2.0,0.55,3.0,1.0,1.0,77
4,2022-08-05,0.0,2.0,1.0,0.0,0.0,0.55,77
5,2022-08-06,1.0,0.45,1.0,0.45,1.4500000000000002,1.4500000000000002,77
6,2022-08-07,3.0,3.0,1.0,1.0,2.5500000000000003,1.4500000000000002,77
0,2022-08-01,3.45,4.0,2.5500000000000003,2.5500000000000003,3.0,6.0,25
1,2022-08-02,4.0,3.5500000000000003,3.0,3.0,2.0,2.45,25
2,2022-08-03,3.0,6.0,2.5500000000000003,4.0,2.5500000000000003,2.0,25
3,2022-08-04,1.0,1.0,6.0,2.45,3.0,3.0,25
4,2022-08-05,4.0,1.0,1.55,4.0,2.5500000000000003,2.0,25
5,2022-08-06,3.0,3.0,4.0,3.0,3.0,2.0,25
6,2022-08-07,3.0,1.0,2.5500000000000003,0.55,3.0,3.0,25
2,2022-08-03,0.0,0.0,0.0,0.0,2.0,0.0,215
4,2022-08-05,0.0,0.0,0.0,0.0,0.0,0.0,215
5,2022-08-06,0.0,1.0,0.0,0.0,0.0,0.0,215
0,2022-08-01,3.0,0.0,0.0,0.0,0.45,2.0,93
1,2022-08-02,-0.45,0.55,0.45,0.0,2.0,0.0,93
2,2022-08-03,1.4500000000000002,1.0,7.0,1.0,0.0,2.0,93
3,2022-08-04,0.0,0.0,7.0,0.0,0.0,1.55,93
4,2022-08-05,0.0,0.0,4.0,0.0,0.55,1.0,93
5,2022-08-06,0.0,0.45,1.0,0.45,0.0,1.0,93
6,2022-08-07,1.0,0.0,3.0,0.45,1.0,1.0,93
0,2022-08-01,2.5500000000000003,1.55,5.0,5.0,2.0,1.0,401
1,2022-08-02,4.0,0.0,0.55,0.0,1.0,2.0,401
2,2022-08-03,1.0,2.0,2.45,0.55,2.0,2.45,401
3,2022-08-04,1.4500000000000002,1.0,2.5500000000000003,2.0,6.0,3.0,401
4,2022-08-05,2.0,1.0,1.0,1.0,1.55,1.0,401
5,2022-08-06,3.0,4.0,0.0,0.0,7.450000000000001,2.5500000000000003,401
6,2022-08-07,0.45,1.0,5.0,1.0,1.0,4.0,401
0,2022-08-01,2.0,2.0,0.0,5.0,5.0,0.45,127
1,2022-08-02,0.0,0.0,2.0,2.45,0.55,0.0,127
2,2022-08-03,0.0,0.0,1.0,3.0,0.0,1.0,127
3,2022-08-04,0.0,0.0,1.0,0.0,0.0,1.55,127
4,2022-08-05,0.0,0.0,0.0,0.0,0.45,1.0,127
5,2022-08-06,0.0,0.0,0.0,0.55,1.0,0.0,127
6,2022-08-07,0.0,0.0,0.0,1.0,1.0,0.0,127
0,2022-08-01,4.0,4.0,3.5500000000000003,3.0,3.0,4.0,94
1,2022-08-02,3.0,2.0,2.0,2.0,2.0,4.0,94
2,2022-08-03,1.0,3.0,1.0,1.0,5.0,1.0,94
3,2022-08-04,1.0,2.0,2.45,2.0,5.45,2.0,94
4,2022-08-05,4.0,3.5500000000000003,2.0,1.55,5.45,3.45,94
5,2022-08-06,3.0,1.0,1.0,5.0,4.0,4.0,94
6,2022-08-07,1.0,0.55,0.55,1.55,1.4500000000000002,3.0,94
0,2022-08-01,0.0,0.0,0.0,1.0,0.0,0.0,15
1,2022-08-02,0.0,1.0,1.0,0.0,1.0,0.0,15
2,2022-08-03,1.0,0.0,1.0,0.0,0.0,1.0,15
3,2022-08-04,0.0,0.0,0.0,0.0,0.0,0.0,15
4,2022-08-05,0.0,0.0,1.0,0.0,0.0,0.0,15
5,2022-08-06,1.0,1.0,0.0,0.0,0.0,0.0,15
6,2022-08-07,0.0,3.0,0.0,0.0,0.0,0.0,15
0,2022-08-01,4.45,2.0,4.0,1.0,1.0,0.0,530
1,2022-08-02,1.0,3.0,3.0,1.4500000000000002,2.5500000000000003,1.4500000000000002,530
2,2022-08-03,2.0,5.0,1.0,3.0,4.0,1.0,530
3,2022-08-04,0.0,4.0,1.0,3.0,3.0,1.4500000000000002,530
4,2022-08-05,0.0,2.0,1.0,1.0,2.45,9.0,530
5,2022-08-06,0.0,1.4500000000000002,3.0,3.0,1.4500000000000002,2.5500000000000003,530
6,2022-08-07,3.0,1.4500000000000002,6.0,2.0,3.0,4.0,530
0,2022-08-01,1.0,1.0,1.0,1.0,1.0,1.0,90
1,2022-08-02,0.0,3.5500000000000003,0.45,4.0,1.4500000000000002,0.0,90
2,2022-08-03,-0.55,1.0,1.0,1.0,1.0,0.0,90
3,2022-08-04,2.0,0.45,4.0,4.0,1.0,0.0,90
4,2022-08-05,2.0,2.0,1.4500000000000002,6.0,1.4500000000000002,0.0,90
5,2022-08-06,2.45,3.0,4.55,1.0,1.0,0.0,90
6,2022-08-07,3.0,1.0,3.0,0.55,1.0,0.0,90
0,2022-08-01,1.0,2.0,0.0,1.0,0.0,0.0,507
1,2022-08-02,0.0,1.0,1.0,4.0,0.45,1.0,507
2,2022-08-03,1.4500000000000002,0.0,0.0,0.0,2.0,2.0,507
3,2022-08-04,2.0,1.0,0.0,0.0,1.4500000000000002,1.0,507
4,2022-08-05,1.0,0.0,1.0,0.55,1.0,1.0,507
5,2022-08-06,2.0,0.0,0.0,0.45,0.0,2.0,507
6,2022-08-07,1.0,2.0,1.0,1.0,0.0,1.0,507
0,2022-08-01,2.0,2.0,1.0,6.0,0.0,2.0,213
1,2022-08-02,3.5500000000000003,2.0,2.0,3.5500000000000003,2.0,1.0,213
2,2022-08-03,1.4500000000000002,0.0,2.0,3.0,1.0,1.55,213
3,2022-08-04,1.0,6.0,1.55,3.0,4.0,1.0,213
4,2022-08-05,1.0,2.45,2.45,4.0,2.0,1.0,213
5,2022-08-06,3.0,2.0,1.4500000000000002,2.0,2.45,1.0,213
6,2022-08-07,2.0,1.0,6.0,0.0,2.45,2.0,213
0,2022-08-01,0.0,0.0,0.0,0.0,0.0,0.45,446
1,2022-08-02,1.0,1.4500000000000002,1.55,1.0,1.0,1.0,446
2,2022-08-03,0.0,0.0,0.0,1.0,0.45,0.45,446
3,2022-08-04,0.0,1.0,0.0,0.0,0.0,0.0,446
4,2022-08-05,1.0,1.0,0.0,1.0,0.0,1.0,446
5,2022-08-06,0.0,-0.45,1.0,0.45,1.0,0.0,446
6,2022-08-07,0.0,2.0,0.0,0.0,0.45,1.0,446
0,2022-08-01,1.0,1.4500000000000002,2.0,1.0,1.0,0.55,24
1,2022-08-02,0.0,2.0,3.0,3.0,2.0,1.0,24
2,2022-08-03,0.45,1.0,1.0,1.55,1.0,1.0,24
3,2022-08-04,0.0,2.0,2.0,1.0,2.0,1.0,24
4,2022-08-05,1.0,1.55,1.55,1.55,1.4500000000000002,1.0,24
5,2022-08-06,1.4500000000000002,0.55,1.0,6.0,0.0,1.0,24
6,2022-08-07,0.0,2.0,2.0,1.55,0.45,1.55,24
0,2022-08-01,0.0,0.0,0.0,0.0,0.0,0.0,460
1,2022-08-02,0.0,0.0,0.0,0.0,0.0,0.0,460
2,2022-08-03,0.0,0.0,0.0,0.0,0.0,0.0,460
3,2022-08-04,0.0,0.0,0.0,0.0,0.0,0.0,460
4,2022-08-05,0.0,0.0,0.0,0.0,0.0,0.0,460
5,2022-08-06,0.0,0.0,0.0,0.0,0.0,0.0,460
6,2022-08-07,0.0,0.0,0.0,0.0,0.0,0.0,460
0,2022-08-01,1.55,0.0,1.0,1.0,0.55,1.0,543
1,2022-08-02,1.0,0.0,2.0,2.0,1.0,0.55,543
2,2022-08-03,0.0,1.0,4.0,0.0,1.0,0.0,543
3,2022-08-04,0.0,2.0,4.0,0.55,0.0,1.4500000000000002,543
4,2022-08-05,2.0,4.0,1.0,1.0,1.4500000000000002,1.0,543
5,2022-08-06,0.0,1.0,0.55,1.0,2.45,1.0,543
6,2022-08-07,1.0,1.0,1.0,2.45,0.0,1.0,543
0,2022-08-01,0.0,0.0,0.0,0.0,0.0,0.0,76
1,2022-08-02,0.0,0.0,0.0,0.0,0.0,0.0,76
2,2022-08-03,0.0,0.0,0.0,1.0,0.0,0.0,76
3,2022-08-04,0.0,0.0,0.0,0.0,0.0,0.0,76
4,2022-08-05,0.0,0.0,0.0,0.0,0.0,0.0,76
5,2022-08-06,0.0,0.0,0.0,0.0,0.0,0.0,76
6,2022-08-07,0.0,0.0,0.0,0.0,0.0,0.0,76
0,2022-08-01,1.4500000000000002,1.4500000000000002,1.0,0.45,1.0,2.0,38
1,2022-08-02,0.0,1.0,3.5500000000000003,4.0,1.0,2.0,38
2,2022-08-03,0.0,0.0,0.45,1.55,1.0,1.0,38
3,2022-08-04,1.55,2.0,2.5500000000000003,1.0,2.45,1.0,38
4,2022-08-05,1.4500000000000002,1.4500000000000002,2.0,6.0,2.0,2.45,38
5,2022-08-06,0.0,0.0,1.4500000000000002,1.0,1.0,3.45,38
6,2022-08-07,0.0,1.0,6.0,0.55,4.45,1.0,38
0,2022-08-01,4.0,3.0,3.0,1.0,2.0,0.45,213
1,2022-08-02,2.0,4.0,4.55,2.0,2.0,2.0,213
2,2022-08-03,4.0,4.45,1.0,0.0,1.0,4.0,213
3,2022-08-04,2.0,2.0,0.0,3.0,2.0,0.45,213
4,2022-08-05,4.0,4.0,2.45,1.0,2.0,8.0,213
5,2022-08-06,1.0,4.0,3.0,6.550000000000001,1.0,1.0,213
6,2022-08-07,1.55,8.0,5.0,1.55,0.45,2.0,213
0,2022-08-01,0.45,1.0,1.0,1.0,1.0,0.55,406
1,2022-08-02,0.0,0.0,0.0,1.0,0.0,1.0,406
2,2022-08-03,0.45,0.0,1.0,4.0,1.0,2.0,406
3,2022-08-04,0.0,0.0,2.0,1.0,1.0,0.0,406
4,2022-08-05,0.0,0.0,1.0,0.0,0.0,1.0,406
5,2022-08-06,0.0,0.0,0.0,0.0,1.55,1.0,406
6,2022-08-07,2.0,0.0,0.0,1.0,8.0,1.0,406
0,2022-08-01,0.0,0.0,-1.0,-1.0,0.0,4.0,413
1,2022-08-02,2.5500000000000003,0.0,0.0,1.0,0.0,0.0,413
2,2022-08-03,3.0,0.45,0.0,0.0,0.0,0.0,413
3,2022-08-04,5.0,1.0,0.0,1.0,0.0,0.0,413
4,2022-08-05,1.0,4.0,0.0,0.0,0.0,0.0,413
5,2022-08-06,0.0,4.0,6.0,0.0,0.0,0.0,413
6,2022-08-07,3.0,0.0,6.0,0.0,0.0,0.0,413
63,2022-08-01,1.0,0.0,1.0,0.0,2.0,2.0,276
64,2022-08-02,1.0,0.0,1.0,1.0,1.55,1.0,276
65,2022-08-03,3.0,0.0,1.0,1.4500000000000002,0.45,1.0,276
66,2022-08-04,1.0,2.5500000000000003,2.0,0.0,2.5500000000000003,1.0,276
67,2022-08-05,0.0,1.0,1.0,0.45,2.0,1.0,276
68,2022-08-06,0.0,1.0,0.55,1.0,0.0,1.0,276
69,2022-08-07,0.0,1.0,1.0,0.45,2.0,1.4500000000000002,276
84,2022-08-01,0.0,0.0,0.0,0.0,0.0,0.0,280
85,2022-08-02,0.0,0.0,0.0,0.0,0.0,0.0,280
86,2022-08-03,0.0,0.0,0.0,0.0,0.0,1.0,280
87,2022-08-04,0.0,0.0,0.0,0.0,1.0,1.55,280
88,2022-08-05,0.0,0.0,0.0,0.0,0.0,0.0,280
89,2022-08-06,0.0,0.0,0.0,0.0,0.0,1.0,280
90,2022-08-07,0.0,0.0,0.0,0.0,0.0,1.0,280
91,2022-08-01,3.0,3.0,1.4500000000000002,2.5500000000000003,2.0,3.0,281
92,2022-08-02,3.0,0.45,1.0,2.5500000000000003,2.0,2.45,281
93,2022-08-03,3.0,1.0,0.45,2.5500000000000003,1.0,1.0,281
94,2022-08-04,3.0,2.0,0.0,2.5500000000000003,1.0,4.0,281
95,2022-08-05,3.0,3.0,2.0,1.0,2.0,2.0,281
96,2022-08-06,3.0,2.0,1.0,0.0,2.45,1.4500000000000002,281
97,2022-08-07,3.0,2.0,0.0,1.0,3.0,2.0,281
0,2022-08-01,1.0,0.0,0.0,5.0,1.0,3.0,154
1,2022-08-02,1.0,5.0,2.0,1.0,2.0,2.0,154
2,2022-08-03,1.0,0.0,1.0,1.0,2.0,1.0,154
3,2022-08-04,0.0,1.0,0.55,0.0,1.4500000000000002,1.0,154
4,2022-08-05,5.0,1.0,2.0,1.0,2.0,0.0,154
5,2022-08-06,0.0,2.45,0.0,1.0,1.0,3.0,154
6,2022-08-07,1.0,0.0,0.0,1.0,0.0,1.0,154
0,2022-08-01,0.0,0.0,0.0,0.45,0.0,2.5500000000000003,329
1,2022-08-02,0.55,2.0,0.0,0.0,0.0,0.45,329
2,2022-08-03,0.0,0.0,0.0,0.55,3.0,1.0,329
3,2022-08-04,0.0,1.0,0.0,3.0,0.0,0.0,329
4,2022-08-05,1.0,2.0,3.0,0.0,2.0,4.0,329
5,2022-08-06,2.0,0.0,0.55,3.0,0.0,0.0,329
6,2022-08-07,0.0,1.0,0.45,0.0,2.5500000000000003,1.0,329
0,2022-08-01,1.0,1.0,2.0,1.0,0.0,1.0,63
1,2022-08-02,1.0,0.0,0.0,0.0,1.0,1.0,63
2,2022-08-03,1.0,2.0,2.0,1.0,1.0,1.0,63
3,2022-08-04,0.0,0.0,0.0,0.0,2.0,3.0,63
4,2022-08-05,0.0,2.0,3.0,0.0,2.0,0.0,63
5,2022-08-06,0.0,0.0,1.0,0.0,0.0,1.0,63
6,2022-08-07,1.0,2.0,1.0,0.0,0.0,0.0,63
0,2022-08-01,2.0,2.0,2.0,1.0,1.55,2.0,268
1,2022-08-02,3.0,3.0,4.45,1.0,2.0,1.0,268
2,2022-08-03,2.0,0.0,2.0,4.0,1.4500000000000002,3.0,268
3,2022-08-04,3.0,2.5500000000000003,2.0,1.0,3.0,1.0,268
4,2022-08-05,4.0,3.0,1.55,0.0,5.45,0.0,268
5,2022-08-06,2.0,4.55,6.0,1.0,1.0,1.4500000000000002,268
6,2022-08-07,2.0,7.0,2.0,1.0,2.0,2.0,268
0,2022-08-01,0.55,0.55,1.0,1.0,0.45,2.0,1
1,2022-08-02,0.55,2.0,0.45,3.0,2.0,1.0,1
2,2022-08-03,1.0,0.0,0.0,0.0,1.55,1.0,1
3,2022-08-04,1.0,2.5500000000000003,2.45,0.0,1.55,1.0,1
4,2022-08-05,0.55,2.0,2.0,2.0,0.0,1.0,1
5,2022-08-06,0.55,1.0,1.4500000000000002,2.0,2.0,2.0,1
6,2022-08-07,0.55,0.0,0.0,1.0,4.55,1.0,1
0,2022-08-01,3.0,4.0,4.0,4.0,2.0,1.0,136
1,2022-08-02,1.0,2.5500000000000003,1.4500000000000002,1.0,2.0,2.0,136
2,2022-08-03,0.0,0.55,4.0,2.45,2.0,0.0,136
3,2022-08-04,4.0,0.0,2.5500000000000003,1.4500000000000002,0.0,0.0,136
4,2022-08-05,2.0,1.55,3.0,4.0,2.0,0.0,136
5,2022-08-06,1.0,4.0,0.0,2.0,2.0,0.55,136
6,2022-08-07,0.0,0.45,4.0,2.45,2.0,0.45,136
0,2022-08-01,1.0,1.0,1.0,0.0,1.0,1.0,64
1,2022-08-02,0.0,1.0,2.0,1.0,2.0,0.0,64
2,2022-08-03,0.0,0.0,0.45,1.0,0.55,0.0,64
3,2022-08-04,0.0,0.0,1.0,2.0,1.0,3.0,64
4,2022-08-05,0.0,0.0,0.0,0.0,0.0,1.0,64
5,2022-08-06,0.0,0.0,0.0,1.0,2.0,0.0,64
6,2022-08-07,0.0,0.0,0.0,0.45,1.0,1.0,64
0,2022-08-01,0.0,0.0,6.0,0.0,0.0,0.0,31
1,2022-08-02,0.0,0.0,1.55,1.0,0.0,0.0,31
2,2022-08-03,0.0,1.0,3.0,0.0,0.0,0.0,31
3,2022-08-04,0.0,6.0,1.0,0.45,0.0,1.0,31
4,2022-08-05,0.0,0.0,0.0,0.0,0.0,0.0,31
5,2022-08-06,0.0,1.0,0.0,0.0,0.0,0.0,31
6,2022-08-07,0.0,0.0,0.0,0.0,0.0,0.0,31
0,2022-08-01,0.0,0.0,0.0,0.0,0.0,2.0,483
1,2022-08-02,0.0,0.0,0.0,0.0,1.0,0.0,483
2,2022-08-03,0.0,0.0,1.0,0.0,2.0,1.0,483
3,2022-08-04,0.0,1.0,1.0,0.0,1.0,0.0,483
4,2022-08-05,0.0,0.0,0.0,0.0,0.0,0.0,483
5,2022-08-06,0.0,0.0,1.0,0.0,1.0,0.0,483
6,2022-08-07,0.0,1.0,0.0,0.0,2.0,0.0,483
0,2022-08-01,1.0,2.0,1.55,3.45,2.0,9.0,91
1,2022-08-02,1.0,1.55,2.0,0.55,1.0,2.0,91
2,2022-08-03,1.0,3.0,2.0,1.0,9.0,2.0,91
3,2022-08-04,1.0,1.0,1.0,0.45,6.0,2.5500000000000003,91
4,2022-08-05,1.0,1.0,0.45,0.55,1.0,1.0,91
5,2022-08-06,2.0,2.0,1.4500000000000002,3.0,2.0,1.0,91
6,2022-08-07,1.0,1.0,3.45,2.5500000000000003,0.0,0.0,91
0,2022-08-01,4.55,4.55,0.0,2.0,3.0,5.0,384
1,2022-08-02,4.55,3.0,3.0,2.0,1.0,1.0,384
2,2022-08-03,3.5500000000000003,0.0,0.0,5.0,4.55,1.0,384
3,2022-08-04,1.0,2.0,1.0,2.0,3.0,3.45,384
4,2022-08-05,0.0,4.55,2.0,4.0,2.0,4.0,384
5,2022-08-06,2.0,4.0,0.0,2.0,5.0,0.55,384
6,2022-08-07,4.0,3.0,3.45,1.55,2.5500000000000003,4.0,384
0,2022-08-01,1.0,1.0,1.0,0.0,0.55,0.55,96
1,2022-08-02,0.0,0.0,0.0,0.0,0.0,0.55,96
2,2022-08-03,2.0,1.0,1.0,1.0,0.0,4.0,96
3,2022-08-04,1.55,1.0,4.0,0.0,1.0,0.55,96
4,2022-08-05,1.0,0.0,0.0,0.0,1.0,1.0,96
5,2022-08-06,0.0,0.0,0.45,1.0,1.0,0.55,96
6,2022-08-07,0.0,1.0,0.0,1.0,1.0,0.0,96
0,2022-08-01,0.45,0.0,2.0,1.0,1.0,1.0,89
1,2022-08-02,0.0,2.0,0.0,1.0,0.45,0.0,89
2,2022-08-03,0.45,0.45,1.0,1.0,1.0,0.55,89
3,2022-08-04,0.0,0.0,1.0,1.4500000000000002,0.45,2.0,89
4,2022-08-05,0.45,0.0,1.0,1.0,0.45,1.0,89
5,2022-08-06,0.0,0.55,1.0,0.0,1.0,1.0,89
6,2022-08-07,0.0,2.0,0.0,0.45,1.0,0.0,89
0,2022-08-01,2.0,2.0,2.0,2.0,2.0,2.5500000000000003,131
1,2022-08-02,1.0,4.0,2.45,4.0,2.0,2.0,131
2,2022-08-03,2.0,0.0,1.4500000000000002,3.0,2.0,2.0,131
3,2022-08-04,2.0,2.0,4.55,0.0,2.0,2.0,131
4,2022-08-05,1.0,5.0,3.5500000000000003,4.0,4.0,2.0,131
5,2022-08-06,2.0,3.0,3.5500000000000003,2.0,5.0,2.0,131
6,2022-08-07,2.0,4.0,2.0,2.0,4.0,1.55,131
0,2022-08-01,3.0,0.0,1.0,0.0,0.0,1.0,106
1,2022-08-02,3.0,2.0,5.0,4.0,1.0,1.4500000000000002,106
2,2022-08-03,0.0,0.0,2.0,0.55,3.5500000000000003,3.0,106
3,2022-08-04,0.0,3.0,1.0,3.0,2.0,1.0,106
4,2022-08-05,3.0,1.0,1.0,0.55,0.45,1.55,106
5,2022-08-06,0.0,2.0,2.0,3.0,0.45,1.0,106
6,2022-08-07,0.0,0.45,0.0,1.0,2.0,2.0,106
0,2022-08-01,4.0,4.0,2.0,1.0,3.0,4.0,398
1,2022-08-02,1.0,2.0,6.0,1.0,1.0,1.0,398
2,2022-08-03,1.0,1.0,1.0,0.0,4.0,2.0,398
3,2022-08-04,1.0,1.0,1.0,0.55,2.45,1.0,398
4,2022-08-05,4.0,1.0,6.0,3.0,3.0,1.0,398
5,2022-08-06,0.0,2.0,2.0,1.0,4.0,3.0,398
6,2022-08-07,1.0,1.0,1.0,0.45,1.0,3.5500000000000003,398
0,2022-08-01,1.0,0.0,2.0,1.55,1.0,0.0,226
1,2022-08-02,7.0,3.0,4.0,5.0,1.0,2.0,226
2,2022-08-03,3.0,1.0,0.45,7.0,1.0,0.0,226
3,2022-08-04,1.0,1.0,4.0,3.0,3.0,1.55,226
4,2022-08-05,5.0,1.4500000000000002,1.55,2.0,1.0,7.0,226
5,2022-08-06,0.0,1.55,1.0,1.0,1.55,1.4500000000000002,226
6,2022-08-07,7.0,3.0,1.0,1.0,1.0,2.45,226
0,2022-08-01,3.5500000000000003,3.5500000000000003,3.0,3.0,3.0,2.45,219
1,2022-08-02,2.45,3.0,4.0,2.45,1.4500000000000002,2.5500000000000003,219
2,2022-08-03,0.45,2.5500000000000003,2.0,3.5500000000000003,2.5500000000000003,2.0,219
3,2022-08-04,4.0,3.0,5.45,3.0,5.45,7.0,219
4,2022-08-05,1.55,5.0,3.0,3.0,2.5500000000000003,3.0,219
5,2022-08-06,5.0,2.0,3.45,2.45,0.45,3.0,219
6,2022-08-07,3.0,3.0,5.0,1.0,3.45,2.5500000000000003,219
0,2022-08-01,3.0,0.0,1.0,0.0,0.0,0.0,450
1,2022-08-02,3.0,0.0,0.0,0.0,0.0,0.0,450
2,2022-08-03,0.0,0.0,1.0,0.0,2.0,0.0,450
3,2022-08-04,0.0,1.0,0.0,1.0,0.0,0.55,450
4,2022-08-05,0.0,3.0,0.0,3.0,0.0,0.0,450
5,2022-08-06,0.0,0.0,0.0,0.0,0.0,0.0,450
6,2022-08-07,0.0,0.0,0.0,0.0,1.0,0.0,450
0,2022-08-01,1.4500000000000002,1.4500000000000002,4.0,5.0,2.0,4.0,432
1,2022-08-02,2.0,2.0,2.0,2.0,2.0,2.0,432
2,2022-08-03,0.0,2.0,1.0,2.0,2.0,1.0,432
3,2022-08-04,5.0,1.4500000000000002,1.0,2.0,4.0,1.0,432
4,2022-08-05,1.0,1.55,3.0,2.0,2.5500000000000003,0.55,432
5,2022-08-06,1.0,0.0,2.0,1.0,1.55,1.0,432
6,2022-08-07,1.4500000000000002,4.0,1.0,2.45,1.55,0.0,432
0,2022-08-01,0.45,0.45,3.0,3.5500000000000003,0.0,0.0,537
1,2022-08-02,1.4500000000000002,2.0,0.45,1.0,1.0,0.0,537
2,2022-08-03,2.0,2.0,1.55,6.0,2.0,2.0,537
3,2022-08-04,0.0,0.0,0.0,2.0,6.0,1.55,537
4,2022-08-05,2.0,1.55,4.0,0.0,2.0,1.0,537
5,2022-08-06,2.0,1.0,3.5500000000000003,6.0,3.0,2.0,537
6,2022-08-07,5.0,0.0,0.45,2.0,1.0,1.0,537
0,2022-08-01,1.0,1.4500000000000002,0.0,2.0,2.0,1.0,323
1,2022-08-02,2.0,1.0,1.0,1.0,1.0,0.45,323
2,2022-08-03,1.0,1.0,2.0,0.0,0.0,1.0,323
3,2022-08-04,1.0,1.0,4.0,1.0,1.0,0.55,323
4,2022-08-05,1.4500000000000002,2.0,1.55,1.0,1.0,1.0,323
5,2022-08-06,2.0,0.0,1.0,2.0,1.0,1.0,323
6,2022-08-07,1.0,1.55,1.0,0.0,2.5500000000000003,2.5500000000000003,323
0,2022-08-01,7.0,5.45,5.45,4.0,7.0,3.5500000000000003,219
1,2022-08-02,4.0,6.550000000000001,5.550000000000001,3.0,2.5500000000000003,2.0,219
2,2022-08-03,1.0,3.0,7.0,6.45,2.0,3.0,219
3,2022-08-04,5.0,3.0,3.0,3.0,2.5500000000000003,3.0,219
4,2022-08-05,4.55,6.0,1.0,2.0,2.0,5.0,219
5,2022-08-06,3.0,3.0,2.0,4.55,7.0,2.0,219
6,2022-08-07,2.0,5.45,2.0,7.0,3.0,3.0,219
0,2022-08-01,1.0,1.0,0.0,0.0,0.0,0.0,389
1,2022-08-02,0.0,1.0,2.0,0.0,0.0,0.0,389
2,2022-08-03,0.0,0.0,0.0,0.0,0.0,0.0,389
3,2022-08-04,0.0,0.0,0.0,0.0,0.0,0.0,389
4,2022-08-05,0.0,0.0,0.0,0.0,0.0,0.0,389
5,2022-08-06,0.0,0.0,0.0,0.0,0.0,0.0,389
6,2022-08-07,0.0,0.0,0.0,0.0,0.0,0.0,389
0,2022-08-01,0.0,0.0,0.0,0.0,0.0,0.0,120
1,2022-08-02,0.0,0.0,0.0,0.0,0.0,0.0,120
2,2022-08-03,0.0,0.0,0.0,0.0,0.0,0.0,120
3,2022-08-04,0.0,1.0,0.0,0.0,1.0,0.0,120
4,2022-08-05,0.0,1.0,0.0,0.0,0.0,0.0,120
5,2022-08-06,0.0,0.0,0.0,0.0,0.0,0.0,120
6,2022-08-07,0.0,0.0,0.0,0.0,1.0,0.0,120
0,2022-08-01,1.0,1.0,1.0,0.45,0.45,0.0,58
1,2022-08-02,1.0,1.0,4.0,1.0,1.0,1.0,58
2,2022-08-03,0.0,0.0,0.0,0.0,1.55,1.0,58
3,2022-08-04,1.0,1.0,1.0,0.0,0.0,1.0,58
4,2022-08-05,1.55,1.55,0.0,0.0,0.0,1.0,58
5,2022-08-06,0.0,1.0,0.0,0.0,2.0,1.0,58
6,2022-08-07,0.0,0.0,0.45,4.0,0.45,1.0,58
0,2022-08-01,1.55,1.55,1.55,3.0,0.55,3.0,1
1,2022-08-02,0.0,1.0,1.4500000000000002,2.5500000000000003,2.0,2.0,1
2,2022-08-03,1.0,2.0,2.5500000000000003,2.0,1.0,1.0,1
3,2022-08-04,1.55,1.0,1.55,2.0,1.0,0.0,1
4,2022-08-05,1.0,0.45,0.0,0.55,3.0,1.0,1
5,2022-08-06,1.55,2.0,3.0,2.5500000000000003,0.0,2.0,1
6,2022-08-07,1.0,1.0,0.55,3.5500000000000003,3.0,3.0,1
0,2022-08-01,0.55,-0.45,7.0,2.0,1.0,3.0,98
1,2022-08-02,0.0,0.45,0.0,0.0,3.0,0.0,98
2,2022-08-03,2.0,2.0,0.0,1.0,3.0,1.0,98
3,2022-08-04,0.45,3.0,1.0,1.0,0.45,1.0,98
4,2022-08-05,0.0,0.0,1.0,4.0,2.0,1.55,98
5,2022-08-06,0.0,0.45,1.0,2.5500000000000003,1.0,1.0,98
6,2022-08-07,2.0,1.0,2.0,1.0,1.0,3.0,98
0,2022-08-01,0.0,2.0,2.0,0.0,0.0,0.0,395
1,2022-08-02,0.0,0.0,0.0,1.0,0.0,0.0,395
2,2022-08-03,0.0,0.0,0.0,1.0,0.0,1.0,395
3,2022-08-04,0.0,0.0,0.0,0.0,0.0,0.0,395
4,2022-08-05,0.0,1.0,0.0,0.0,0.0,0.0,395
5,2022-08-06,1.0,0.0,0.0,0.0,0.0,0.0,395
6,2022-08-07,0.0,2.0,1.0,0.0,0.0,0.0,395
0,2022-08-01,1.0,1.0,1.0,2.0,1.4500000000000002,2.45,281
1,2022-08-02,-0.45,4.0,0.55,1.0,3.0,0.0,281
2,2022-08-03,1.0,2.0,2.0,1.4500000000000002,1.4500000000000002,4.0,281
3,2022-08-04,1.0,2.5500000000000003,2.0,0.0,2.0,3.0,281
4,2022-08-05,2.0,1.0,1.0,1.4500000000000002,2.45,1.0,281
5,2022-08-06,1.0,4.0,4.0,0.0,4.0,1.0,281
6,2022-08-07,0.0,2.45,2.5500000000000003,1.4500000000000002,2.0,0.55,281
0,2022-08-01,0.0,0.0,0.0,0.0,0.0,0.0,205
1,2022-08-02,0.0,0.0,3.0,3.0,1.0,0.0,205
2,2022-08-03,0.0,0.0,1.0,2.0,0.0,0.0,205
3,2022-08-04,2.0,0.0,2.0,0.0,2.0,0.0,205
4,2022-08-05,0.0,0.0,1.4500000000000002,0.0,0.0,0.55,205
5,2022-08-06,2.0,0.0,0.0,1.0,0.0,0.0,205
6,2022-08-07,0.0,0.0,3.0,0.0,0.0,0.0,205
0,2022-08-01,0.0,0.0,0.0,0.0,0.0,0.0,210
1,2022-08-02,0.0,0.0,0.0,0.0,1.0,0.0,210
2,2022-08-03,1.0,0.0,0.0,0.0,1.0,0.0,210
3,2022-08-04,0.0,0.0,0.0,0.0,0.0,0.0,210
4,2022-08-05,-0.45,0.0,0.0,0.0,0.0,0.0,210
5,2022-08-06,0.0,0.0,0.0,0.0,0.0,0.0,210
6,2022-08-07,0.0,0.0,0.0,1.0,0.0,0.0,210
0,2022-08-01,1.0,3.0,0.0,0.0,9.0,9.0,82
1,2022-08-02,3.0,3.0,1.0,3.0,0.45,1.4500000000000002,82
2,2022-08-03,3.0,6.0,0.0,2.0,3.45,0.0,82
3,2022-08-04,3.0,3.0,0.45,0.0,0.9,9.0,82
4,2022-08-05,3.0,2.0,3.0,2.45,3.45,1.0,82
5,2022-08-06,1.0,4.0,1.0,2.45,0.9,2.0,82
6,2022-08-07,1.0,3.0,0.0,1.0,3.45,9.0,82
0,2022-08-01,2.45,2.45,8.0,8.0,3.0,1.0,532
1,2022-08-02,2.0,2.0,0.45,1.0,3.0,1.4500000000000002,532
2,2022-08-03,2.0,8.0,0.55,0.55,0.55,1.0,532
3,2022-08-04,2.0,1.0,2.0,2.0,1.55,1.0,532
4,2022-08-05,8.0,2.0,8.0,7.0,2.0,3.0,532
5,2022-08-06,1.0,1.55,1.0,0.45,2.0,3.0,532
6,2022-08-07,2.0,8.0,0.55,0.55,2.0,2.5500000000000003,532
0,2022-08-01,1.0,0.0,0.0,0.0,2.0,0.45,373
1,2022-08-02,1.0,1.0,1.0,0.0,0.55,0.55,373
2,2022-08-03,0.0,1.0,1.55,0.0,0.0,2.0,373
3,2022-08-04,0.45,0.0,1.0,2.0,1.0,0.0,373
4,2022-08-05,2.0,0.0,1.0,1.0,1.0,0.45,373
5,2022-08-06,1.0,2.0,0.0,0.0,0.45,0.0,373
6,2022-08-07,2.0,1.0,1.0,2.0,0.0,2.0,373
0,2022-08-01,3.0,3.0,3.0,2.0,1.4500000000000002,1.0,3
1,2022-08-02,2.0,0.45,0.0,1.0,1.0,0.0,3
2,2022-08-03,1.0,0.0,1.55,3.0,2.0,1.0,3
3,2022-08-04,1.4500000000000002,1.4500000000000002,0.0,2.0,1.0,2.0,3
4,2022-08-05,1.0,0.0,1.55,1.0,1.0,2.45,3
5,2022-08-06,3.0,2.0,0.0,2.0,2.0,1.0,3
6,2022-08-07,2.0,1.0,1.55,1.4500000000000002,1.0,1.0,3
0,2022-08-01,0.0,0.0,0.45,1.0,0.0,0.0,444
1,2022-08-02,1.0,0.55,2.5500000000000003,1.0,1.0,1.0,444
2,2022-08-03,5.0,3.0,1.0,0.0,0.55,1.0,444
3,2022-08-04,1.0,3.0,0.0,1.0,0.0,0.0,444
4,2022-08-05,0.0,0.55,0.0,0.45,2.0,0.0,444
5,2022-08-06,5.0,2.0,1.0,1.0,1.55,1.0,444
6,2022-08-07,1.0,1.0,0.45,1.0,0.0,2.0,444
0,2022-08-01,1.0,0.0,0.0,2.0,1.0,1.0,402
1,2022-08-02,1.0,0.0,1.0,0.0,2.0,1.0,402
2,2022-08-03,1.0,1.0,0.55,1.0,0.0,0.45,402
3,2022-08-04,0.55,0.0,0.0,0.0,1.0,1.0,402
4,2022-08-05,1.0,1.0,1.0,2.0,3.0,0.55,402
5,2022-08-06,0.55,0.0,0.45,2.0,5.0,1.0,402
6,2022-08-07,1.0,0.0,5.0,1.0,1.0,1.0,402
0,2022-08-01,2.0,1.0,1.4500000000000002,1.55,1.0,1.0,202
1,2022-08-02,1.0,1.0,2.0,1.0,1.0,0.55,202
2,2022-08-03,1.0,4.0,1.0,1.4500000000000002,1.0,1.0,202
3,2022-08-04,1.0,0.0,2.0,1.0,1.0,1.0,202
4,2022-08-05,2.0,0.0,2.0,4.0,0.0,2.0,202
5,2022-08-06,2.0,3.0,2.0,1.0,1.0,1.0,202
6,2022-08-07,1.0,1.0,1.55,0.0,1.0,1.0,202
0,2022-08-01,1.0,1.0,0.55,1.0,1.0,1.0,90
1,2022-08-02,1.0,2.0,1.0,3.0,1.0,0.0,90
2,2022-08-03,1.0,2.0,1.0,3.0,1.0,0.0,90
3,2022-08-04,1.0,1.0,3.45,3.0,0.0,0.55,90
4,2022-08-05,1.0,2.0,4.0,0.45,1.0,3.0,90
5,2022-08-06,1.0,4.0,1.0,1.4500000000000002,0.0,0.0,90
6,2022-08-07,1.0,2.5500000000000003,1.0,1.0,1.0,0.0,90
0,2022-08-01,0.0,0.0,0.0,0.0,0.0,0.0,358
1,2022-08-02,0.0,0.0,0.0,0.0,0.0,0.0,358
2,2022-08-03,1.0,0.0,0.0,0.0,0.0,0.0,358
3,2022-08-04,0.0,0.0,0.0,0.0,0.0,0.0,358
4,2022-08-05,1.0,0.0,0.0,0.0,0.0,0.0,358
5,2022-08-06,0.0,0.0,0.0,0.0,0.0,0.0,358
6,2022-08-07,1.0,0.0,0.0,0.0,0.0,0.0,358
0,2022-08-01,0.0,0.0,0.0,0.0,1.0,0.0,147
1,2022-08-02,1.0,0.0,0.0,0.0,0.0,1.0,147
2,2022-08-03,0.0,0.0,1.0,1.0,3.0,5.0,147
3,2022-08-04,0.0,0.0,0.0,0.0,1.0,6.0,147
4,2022-08-05,0.0,0.0,0.0,0.0,9.0,6.0,147
5,2022-08-06,0.0,0.0,0.0,0.0,3.0,3.0,147
6,2022-08-07,0.0,0.0,0.0,1.0,3.0,3.45,147
0,2022-08-01,5.0,3.0,1.0,1.0,0.55,0.0,202
1,2022-08-02,1.0,1.0,2.0,0.0,0.45,1.0,202
2,2022-08-03,-1.0,0.0,1.4500000000000002,0.0,1.0,0.0,202
3,2022-08-04,3.0,2.45,-1.0,1.0,2.0,0.45,202
4,2022-08-05,1.0,1.0,2.0,4.0,1.4500000000000002,0.45,202
5,2022-08-06,1.0,0.55,1.0,0.0,4.45,1.0,202
6,2022-08-07,2.0,1.0,-0.45,0.0,1.0,1.0,202
238,2022-08-01,,,,,,,276
239,2022-08-02,,,,,,,276
240,2022-08-03,,,,,,,276
241,2022-08-04,,,,,,,276
242,2022-08-05,,,,,,,276
243,2022-08-06,,,,,,,276
244,2022-08-07,,,,,,,276
266,2022-08-01,2.0,2.0,1.55,1.0,2.0,2.0,295
267,2022-08-02,1.0,1.0,1.0,2.45,0.55,1.0,295
268,2022-08-03,1.0,3.0,1.55,0.45,1.0,1.55,295
269,2022-08-04,3.0,1.55,1.0,0.0,1.55,1.0,295
270,2022-08-05,0.0,1.0,1.0,0.0,1.0,2.0,295
271,2022-08-06,0.55,3.0,1.0,1.0,5.0,1.0,295
272,2022-08-07,3.0,1.55,1.0,2.0,0.0,1.0,295
336,2022-08-01,2.0,0.0,1.0,0.0,1.0,0.0,349
337,2022-08-02,0.0,1.0,0.0,1.0,1.0,0.0,349
338,2022-08-03,0.0,0.0,0.0,1.0,0.0,1.0,349
339,2022-08-04,1.0,0.0,1.0,1.0,1.0,1.0,349
340,2022-08-05,0.0,1.0,0.0,0.0,0.0,0.0,349
341,2022-08-06,0.0,0.0,0.0,1.0,0.45,1.0,349
342,2022-08-07,1.0,1.0,1.0,0.0,0.0,1.0,349
350,2022-08-01,0.0,0.0,0.0,0.0,0.0,0.0,362
351,2022-08-02,0.0,0.0,1.0,0.0,0.0,1.0,362
352,2022-08-03,0.0,0.0,0.0,0.0,0.0,0.0,362
353,2022-08-04,0.0,0.0,0.0,0.0,0.0,0.0,362
354,2022-08-05,0.0,0.0,1.0,0.0,1.0,0.0,362
355,2022-08-06,0.0,0.0,0.0,1.0,0.0,1.0,362
356,2022-08-07,0.0,0.0,0.0,0.0,0.0,0.45,362
462,2022-08-01,,,,,,,437
463,2022-08-02,,,,,,,437
464,2022-08-03,,,,,,,437
465,2022-08-04,,,,,,,437
466,2022-08-05,,,,,,,437
467,2022-08-06,,,,,,,437
468,2022-08-07,,,,,,,437
0,2022-08-01,0.0,0.0,0.0,3.0,0.55,0.0,205
1,2022-08-02,0.0,0.0,0.0,0.45,0.0,2.0,205
2,2022-08-03,0.0,0.0,0.0,0.0,0.0,0.0,205
3,2022-08-04,0.0,0.0,1.0,0.0,1.4500000000000002,2.0,205
4,2022-08-05,0.0,0.0,0.0,2.0,2.0,0.0,205
5,2022-08-06,0.0,0.0,0.0,1.0,1.0,1.0,205
6,2022-08-07,0.0,0.0,0.0,0.0,0.0,0.0,205
1,2022-08-02,0.0,0.0,1.0,0.55,0.0,0.0,210
2,2022-08-03,0.0,0.0,0.0,0.0,0.0,0.0,210
3,2022-08-04,0.0,0.0,1.0,0.0,0.0,0.0,210
4,2022-08-05,0.0,0.0,0.0,0.0,0.0,0.0,210
5,2022-08-06,0.0,0.0,1.0,0.0,1.0,0.0,210
6,2022-08-07,0.0,0.0,0.0,0.0,0.0,0.0,210
0,2022-08-01,0.0,0.0,0.0,0.0,0.0,0.0,410
1,2022-08-02,0.0,0.45,1.0,1.0,0.0,0.0,410
2,2022-08-03,0.0,2.0,0.55,2.0,0.0,1.4500000000000002,410
3,2022-08-04,0.0,1.0,0.45,1.0,0.0,0.0,410
4,2022-08-05,0.0,2.0,0.0,0.0,0.0,1.0,410
5,2022-08-06,0.0,1.0,0.0,2.0,0.0,1.0,410
6,2022-08-07,0.0,0.0,0.0,1.0,1.0,2.0,410
